-- phpMyAdmin SQL Dump
-- version 4.4.13.1
-- http://www.phpmyadmin.net
--
-- Servidor: localhost:3306
-- Tiempo de generación: 18-11-2015 a las 03:26:13
-- Versión del servidor: 5.6.26
-- Versión de PHP: 5.5.29

SET SQL_MODE = "NO_AUTO_VALUE_ON_ZERO";
SET time_zone = "+00:00";


/*!40101 SET @OLD_CHARACTER_SET_CLIENT=@@CHARACTER_SET_CLIENT */;
/*!40101 SET @OLD_CHARACTER_SET_RESULTS=@@CHARACTER_SET_RESULTS */;
/*!40101 SET @OLD_COLLATION_CONNECTION=@@COLLATION_CONNECTION */;
/*!40101 SET NAMES utf8mb4 */;

--
-- Base de datos: `examen-serv-1ev-2015-2016`
--

-- --------------------------------------------------------

--
-- Estructura de tabla para la tabla `compra`
--

CREATE TABLE IF NOT EXISTS `compra` (
  `id` int(11) NOT NULL,
  `id_usuario` int(11) DEFAULT NULL,
  `id_producto` int(11) DEFAULT NULL,
  `cantidad` int(11) DEFAULT NULL,
  `fecha` date DEFAULT NULL
) ENGINE=InnoDB AUTO_INCREMENT=102 DEFAULT CHARSET=utf8;

--
-- Volcado de datos para la tabla `compra`
--

INSERT INTO `compra` (`id`, `id_usuario`, `id_producto`, `cantidad`, `fecha`) VALUES
(1, 506, 122, 1, '2014-02-05'),
(2, 926, 89, 2, '2015-12-27'),
(3, 801, 1152, 4, '2015-12-06'),
(4, 223, 1194, 10, '2014-08-10'),
(5, 907, 958, 5, '2015-04-15'),
(6, 996, 1161, 3, '2014-03-22'),
(7, 971, 1456, 5, '2015-08-08'),
(8, 609, 80, 3, '2014-12-06'),
(9, 300, 781, 4, '2014-10-06'),
(10, 134, 871, 3, '2014-12-17'),
(11, 297, 189, 6, '2014-12-28'),
(12, 815, 1368, 3, '2015-11-07'),
(13, 634, 625, 6, '2015-10-29'),
(14, 683, 431, 6, '2014-01-03'),
(15, 55, 68, 10, '2015-10-01'),
(16, 393, 1052, 3, '2014-02-23'),
(17, 786, 1211, 6, '2015-07-29'),
(18, 688, 1149, 3, '2014-05-29'),
(19, 69, 1096, 6, '2014-09-07'),
(20, 768, 953, 4, '2014-01-11'),
(21, 214, 660, 1, '2015-02-05'),
(22, 408, 710, 3, '2015-02-28'),
(23, 26, 267, 4, '2014-07-22'),
(24, 188, 611, 9, '2014-10-13'),
(25, 567, 165, 5, '2014-02-08'),
(26, 497, 608, 2, '2015-08-13'),
(27, 769, 921, 6, '2015-02-25'),
(28, 800, 799, 10, '2015-09-12'),
(29, 975, 58, 8, '2015-07-06'),
(30, 294, 32, 10, '2015-07-16'),
(31, 554, 669, 2, '2014-11-15'),
(32, 328, 203, 6, '2014-10-17'),
(33, 897, 1203, 7, '2015-11-17'),
(34, 796, 1279, 1, '2015-12-21'),
(35, 790, 474, 2, '2014-04-13'),
(36, 625, 148, 10, '2015-02-21'),
(37, 266, 543, 5, '2014-09-22'),
(38, 99, 1283, 6, '2014-04-07'),
(39, 214, 68, 2, '2014-04-10'),
(40, 478, 1083, 3, '2015-10-12'),
(41, 692, 1377, 10, '2015-02-10'),
(42, 635, 1080, 7, '2015-12-04'),
(43, 867, 1448, 5, '2014-12-08'),
(44, 973, 88, 5, '2015-07-05'),
(45, 869, 29, 8, '2015-01-05'),
(46, 538, 937, 7, '2014-03-27'),
(47, 406, 1446, 3, '2015-03-16'),
(48, 111, 249, 7, '2015-01-16'),
(49, 996, 705, 8, '2014-05-12'),
(50, 843, 100, 3, '2015-09-02'),
(51, 935, 822, 10, '2015-10-05'),
(52, 428, 1250, 5, '2014-05-12'),
(53, 433, 380, 2, '2014-10-27'),
(54, 61, 494, 5, '2014-08-23'),
(55, 148, 572, 5, '2014-01-08'),
(56, 466, 1471, 1, '2014-03-17'),
(57, 959, 782, 7, '2014-08-15'),
(58, 856, 1155, 4, '2015-02-09'),
(59, 206, 142, 7, '2015-12-22'),
(60, 544, 1154, 9, '2014-01-19'),
(61, 470, 420, 6, '2014-01-12'),
(62, 80, 774, 8, '2014-12-24'),
(63, 504, 950, 1, '2015-04-05'),
(64, 502, 505, 7, '2014-01-02'),
(65, 236, 1292, 2, '2015-05-03'),
(66, 810, 1087, 6, '2015-07-08'),
(67, 366, 801, 7, '2015-10-16'),
(68, 660, 166, 8, '2015-06-27'),
(69, 119, 1095, 1, '2015-05-07'),
(70, 859, 1421, 4, '2014-01-04'),
(71, 631, 923, 1, '2014-10-02'),
(72, 951, 427, 10, '2015-08-20'),
(73, 255, 608, 3, '2014-10-31'),
(74, 737, 1192, 7, '2015-06-23'),
(75, 608, 1496, 9, '2014-11-03'),
(76, 437, 679, 7, '2015-09-28'),
(77, 814, 562, 4, '2014-05-26'),
(78, 548, 519, 3, '2014-03-29'),
(79, 96, 1037, 4, '2014-01-06'),
(80, 507, 761, 7, '2014-04-03'),
(81, 600, 1125, 7, '2014-09-10'),
(82, 541, 715, 1, '2015-07-05'),
(83, 71, 74, 1, '2014-02-27'),
(84, 895, 753, 8, '2014-01-18'),
(85, 820, 766, 5, '2014-12-30'),
(86, 845, 570, 3, '2014-05-27'),
(87, 474, 1244, 10, '2015-06-09'),
(88, 483, 389, 9, '2014-01-29'),
(89, 473, 205, 10, '2015-07-14'),
(90, 597, 1428, 5, '2014-12-30'),
(91, 287, 921, 8, '2015-03-20'),
(92, 669, 270, 2, '2015-08-12'),
(93, 903, 699, 2, '2015-01-31'),
(94, 640, 720, 6, '2015-05-21'),
(95, 856, 704, 9, '2015-10-23'),
(96, 795, 1494, 10, '2014-08-04'),
(97, 686, 1276, 10, '2015-09-25'),
(98, 125, 613, 8, '2015-10-16'),
(99, 341, 1128, 3, '2014-07-09'),
(100, 365, 78, 3, '2015-11-12'),
(101, 42, 730, 7, '2014-11-04');

-- --------------------------------------------------------

--
-- Estructura de tabla para la tabla `producto`
--

CREATE TABLE IF NOT EXISTS `producto` (
  `id` int(11) NOT NULL,
  `codigo` varchar(255) DEFAULT NULL,
  `descripcion` varchar(255) DEFAULT NULL,
  `precio` double DEFAULT NULL,
  `id_tipoproducto` int(11) DEFAULT NULL
) ENGINE=InnoDB AUTO_INCREMENT=1611 DEFAULT CHARSET=utf8;

--
-- Volcado de datos para la tabla `producto`
--

INSERT INTO `producto` (`id`, `codigo`, `descripcion`, `precio`, `id_tipoproducto`) VALUES
(1, '1431545D', 'Bajante monocapa de emergencia', 694.15, 2),
(2, '1431546D', 'Bajante monocapa de repuesto', 30.14, 2),
(3, '1431547D', 'Bajante monocapa de paso', 848.46, 1),
(4, '1431548D', 'Bajante monocapa de acople', 1039.56, 2),
(5, '1431549D', 'Bajante monocapa de mano', 739.8, 2),
(6, '1431550P', 'Bajante monocapa para microperforar', 346.63, 1),
(7, '1431551P', 'Bajante monocapa para rotular', 1444.4, 1),
(8, '1431552D', 'Bajante monocapa de ajuste rápido', 463.34, 1),
(9, '1431553D', 'Bajante monocapa de ajuste simétrico', 585.3, 1),
(10, '1431554D', 'Bajante monocapa de ajuste parcial', 1521.3, 2),
(11, '1481557D', 'Sujeción auxiliar de emergencia', 271.34, 1),
(12, '1481558D', 'Sujeción auxiliar de repuesto', 1629.95, 1),
(13, '1481559D', 'Sujeción auxiliar de paso', 1524.75, 2),
(14, '1481560D', 'Sujeción auxiliar de acople', 1289.8, 1),
(15, '1481561D', 'Sujeción auxiliar de mano', 1152.66, 1),
(16, '1481562P', 'Sujeción auxiliar para microperforar', 885.85, 2),
(17, '1481563P', 'Sujeción auxiliar para rotular', 802.1, 2),
(18, '1481564D', 'Sujeción auxiliar de ajuste rápido', 1402.45, 1),
(19, '1481565D', 'Sujeción auxiliar de ajuste simétrico', 1064.98, 1),
(20, '1481566D', 'Sujeción auxiliar de ajuste parcial', 1616.72, 1),
(21, '1601568D', 'Sujeción manual de emergencia', 165.3, 2),
(22, '1601569D', 'Sujeción manual de repuesto', 1470.59, 1),
(23, '1601570D', 'Sujeción manual de paso', 1641.56, 2),
(24, '1601571D', 'Sujeción manual de acople', 1658.47, 2),
(25, '1601572D', 'Sujeción manual de mano', 587.4, 1),
(26, '1601573P', 'Sujeción manual para microperforar', 1588.82, 2),
(27, '1601574P', 'Sujeción manual para rotular', 1977.29, 1),
(28, '1601575D', 'Sujeción manual de ajuste rápido', 768.68, 1),
(29, '1601576D', 'Sujeción manual de ajuste simétrico', 1692.26, 1),
(30, '1601577D', 'Sujeción manual de ajuste parcial', 594.87, 2),
(31, '1501579D', 'Sujeción con rodadura de emergencia', 1720.5, 2),
(32, '1501580D', 'Sujeción con rodadura de repuesto', 395.5, 1),
(33, '1501581D', 'Sujeción con rodadura de paso', 996.68, 1),
(34, '1501582D', 'Sujeción con rodadura de acople', 160.35, 1),
(35, '1501583D', 'Sujeción con rodadura de mano', 513.13, 2),
(36, '1501584P', 'Sujeción con rodadura para microperforar', 1542.33, 2),
(37, '1501585P', 'Sujeción con rodadura para rotular', 1895.8, 2),
(38, '1501586D', 'Sujeción con rodadura de ajuste rápido', 714.73, 1),
(39, '1501587D', 'Sujeción con rodadura de ajuste simétrico', 348.7, 1),
(40, '1501588D', 'Sujeción con rodadura de ajuste parcial', 2.41, 2),
(41, '1501590D', 'Sujeción con presión de emergencia', 1380.4, 1),
(42, '1501591D', 'Sujeción con presión de repuesto', 1162.9, 1),
(43, '1501592D', 'Sujeción con presión de paso', 1781.49, 2),
(44, '1501593D', 'Sujeción con presión de acople', 1531.3, 1),
(45, '1501594D', 'Sujeción con presión de mano', 1953.3, 2),
(46, '1501595P', 'Sujeción con presión para microperforar', 1422.22, 1),
(47, '1501596P', 'Sujeción con presión para rotular', 456.66, 2),
(48, '1501597D', 'Sujeción con presión de ajuste rápido', 168.8, 2),
(49, '1501598D', 'Sujeción con presión de ajuste simétrico', 437.98, 1),
(50, '1501599D', 'Sujeción con presión de ajuste parcial', 574.78, 2),
(51, '1501601D', 'Sujeción con rebustez de emergencia', 23.66, 2),
(52, '1501602D', 'Sujeción con rebustez de repuesto', 818.94, 1),
(53, '1501603D', 'Sujeción con rebustez de paso', 49.86, 1),
(54, '1501604D', 'Sujeción con rebustez de acople', 1350.2, 2),
(55, '1501605D', 'Sujeción con rebustez de mano', 692.12, 1),
(56, '1501606P', 'Sujeción con rebustez para microperforar', 1350.65, 1),
(57, '1501607P', 'Sujeción con rebustez para rotular', 1991.14, 2),
(58, '1501608D', 'Sujeción con rebustez de ajuste rápido', 1741.65, 2),
(59, '1501609D', 'Sujeción con rebustez de ajuste simétrico', 242.49, 2),
(60, '1501610D', 'Sujeción con rebustez de ajuste parcial', 456.63, 1),
(61, '1501612D', 'Sujeción con agarre de emergencia', 1093.82, 2),
(62, '1501613D', 'Sujeción con agarre de repuesto', 308.65, 2),
(63, '1501614D', 'Sujeción con agarre de paso', 1493.83, 1),
(64, '1501615D', 'Sujeción con agarre de acople', 239.86, 1),
(65, '1501616D', 'Sujeción con agarre de mano', 1444, 2),
(66, '1501617P', 'Sujeción con agarre para microperforar', 459.97, 2),
(67, '1501618P', 'Sujeción con agarre para rotular', 1895.58, 1),
(68, '1501619D', 'Sujeción con agarre de ajuste rápido', 1212.41, 1),
(69, '1501620D', 'Sujeción con agarre de ajuste simétrico', 521.26, 1),
(70, '1501621D', 'Sujeción con agarre de ajuste parcial', 978.6, 2),
(71, '1501623D', 'Sujeción cicloidal de emergencia', 767.15, 1),
(72, '1501624D', 'Sujeción cicloidal de repuesto', 852.87, 2),
(73, '1501625D', 'Sujeción cicloidal de paso', 1255.73, 1),
(74, '1501626D', 'Sujeción cicloidal de acople', 976.85, 2),
(75, '1501627D', 'Sujeción cicloidal de mano', 58.48, 2),
(76, '1501628P', 'Sujeción cicloidal para microperforar', 820.88, 2),
(77, '1501629P', 'Sujeción cicloidal para rotular', 496.73, 1),
(78, '1501630D', 'Sujeción cicloidal de ajuste rápido', 489.45, 2),
(79, '1501631D', 'Sujeción cicloidal de ajuste simétrico', 1145.77, 1),
(80, '1501632D', 'Sujeción cicloidal de ajuste parcial', 1199.94, 1),
(81, '1601634D', 'Sujeción modal de emergencia', 791.19, 1),
(82, '1601635D', 'Sujeción modal de repuesto', 1507.71, 1),
(83, '1601636D', 'Sujeción modal de paso', 379.76, 2),
(84, '1601637D', 'Sujeción modal de acople', 655.25, 2),
(85, '1601638D', 'Sujeción modal de mano', 1869.16, 1),
(86, '1601639P', 'Sujeción modal para microperforar', 486.88, 1),
(87, '1601640P', 'Sujeción modal para rotular', 1808.45, 2),
(88, '1601641D', 'Sujeción modal de ajuste rápido', 1630.84, 2),
(89, '1601642D', 'Sujeción modal de ajuste simétrico', 1868.25, 1),
(90, '1601643D', 'Sujeción modal de ajuste parcial', 1064.72, 2),
(91, '1551645D', 'Sujeción helicoidal de emergencia', 1887.13, 2),
(92, '1551646D', 'Sujeción helicoidal de repuesto', 165.97, 2),
(93, '1551647D', 'Sujeción helicoidal de paso', 468.16, 2),
(94, '1551648D', 'Sujeción helicoidal de acople', 1558.94, 1),
(95, '1551649D', 'Sujeción helicoidal de mano', 1354.9, 2),
(96, '1551650P', 'Sujeción helicoidal para microperforar', 1573.3, 1),
(97, '1551651P', 'Sujeción helicoidal para rotular', 1051.89, 2),
(98, '1551652D', 'Sujeción helicoidal de ajuste rápido', 1712.8, 2),
(99, '1551653D', 'Sujeción helicoidal de ajuste simétrico', 1418.23, 2),
(100, '1551654D', 'Sujeción helicoidal de ajuste parcial', 717.2, 2),
(101, '1601656D', 'Sujeción monocapa de emergencia', 1294.98, 1),
(102, '1601657D', 'Sujeción monocapa de repuesto', 290.49, 1),
(103, '1601658D', 'Sujeción monocapa de paso', 957, 2),
(104, '1601659D', 'Sujeción monocapa de acople', 1154.47, 1),
(105, '1601660D', 'Sujeción monocapa de mano', 1779.31, 2),
(106, '1601661P', 'Sujeción monocapa para microperforar', 1709.72, 2),
(107, '1601662P', 'Sujeción monocapa para rotular', 7.7, 2),
(108, '1601663D', 'Sujeción monocapa de ajuste rápido', 1212.75, 2),
(109, '1601664D', 'Sujeción monocapa de ajuste simétrico', 222.35, 2),
(110, '1601665D', 'Sujeción monocapa de ajuste parcial', 526.42, 1),
(111, '1413D', 'Llave auxiliar de emergencia', 1337.1, 1),
(112, '1414D', 'Llave auxiliar de repuesto', 1674.26, 1),
(113, '1415D', 'Llave auxiliar de paso', 312.84, 1),
(114, '1416D', 'Llave auxiliar de acople', 592.42, 2),
(115, '1417D', 'Llave auxiliar de mano', 1212.95, 1),
(116, '1418P', 'Llave auxiliar para microperforar', 251.6, 3),
(117, '1419P', 'Llave auxiliar para rotular', 1237.22, 3),
(118, '14110D', 'Llave auxiliar de ajuste rápido', 117.64, 2),
(119, '14111D', 'Llave auxiliar de ajuste simétrico', 82.86, 1),
(120, '14112D', 'Llave auxiliar de ajuste parcial', 513.54, 3),
(121, '15314D', 'Llave manual de emergencia', 343.23, 3),
(122, '15315D', 'Llave manual de repuesto', 963.17, 2),
(123, '15316D', 'Llave manual de paso', 478.17, 2),
(124, '15317D', 'Llave manual de acople', 625.89, 1),
(125, '15318D', 'Llave manual de mano', 955.86, 2),
(126, '15319P', 'Llave manual para microperforar', 1824.26, 2),
(127, '15320P', 'Llave manual para rotular', 1067.23, 2),
(128, '15321D', 'Llave manual de ajuste rápido', 841.68, 3),
(129, '15322D', 'Llave manual de ajuste simétrico', 925.53, 2),
(130, '15323D', 'Llave manual de ajuste parcial', 1668.8, 3),
(131, '14325D', 'Llave con rodadura de emergencia', 1033.53, 1),
(132, '14326D', 'Llave con rodadura de repuesto', 1617.8, 3),
(133, '14327D', 'Llave con rodadura de paso', 1181.31, 1),
(134, '14328D', 'Llave con rodadura de acople', 825.29, 1),
(135, '14329D', 'Llave con rodadura de mano', 275.12, 3),
(136, '14330P', 'Llave con rodadura para microperforar', 1780.73, 2),
(137, '14331P', 'Llave con rodadura para rotular', 1589.11, 1),
(138, '14332D', 'Llave con rodadura de ajuste rápido', 1814.41, 2),
(139, '14333D', 'Llave con rodadura de ajuste simétrico', 905.94, 2),
(140, '14334D', 'Llave con rodadura de ajuste parcial', 1213.87, 1),
(141, '14336D', 'Llave con presión de emergencia', 1936.96, 1),
(142, '14337D', 'Llave con presión de repuesto', 1250.2, 3),
(143, '14338D', 'Llave con presión de paso', 1245, 3),
(144, '14339D', 'Llave con presión de acople', 67.48, 1),
(145, '14340D', 'Llave con presión de mano', 1529.68, 2),
(146, '14341P', 'Llave con presión para microperforar', 964.36, 2),
(147, '14342P', 'Llave con presión para rotular', 1346.2, 3),
(148, '14343D', 'Llave con presión de ajuste rápido', 529.31, 2),
(149, '14344D', 'Llave con presión de ajuste simétrico', 1953.27, 2),
(150, '14345D', 'Llave con presión de ajuste parcial', 301.95, 2),
(151, '14347D', 'Llave con rebustez de emergencia', 1494.28, 1),
(152, '14348D', 'Llave con rebustez de repuesto', 773.28, 1),
(153, '14349D', 'Llave con rebustez de paso', 702.59, 3),
(154, '14350D', 'Llave con rebustez de acople', 1746.69, 3),
(155, '14351D', 'Llave con rebustez de mano', 377.69, 2),
(156, '14352P', 'Llave con rebustez para microperforar', 1691.61, 2),
(157, '14353P', 'Llave con rebustez para rotular', 1081.68, 3),
(158, '14354D', 'Llave con rebustez de ajuste rápido', 760.9, 1),
(159, '14355D', 'Llave con rebustez de ajuste simétrico', 1352.44, 1),
(160, '14356D', 'Llave con rebustez de ajuste parcial', 1853.64, 2),
(161, '14358D', 'Llave con agarre de emergencia', 1847.35, 1),
(162, '14359D', 'Llave con agarre de repuesto', 88.19, 3),
(163, '14360D', 'Llave con agarre de paso', 397.71, 1),
(164, '14361D', 'Llave con agarre de acople', 1618.84, 3),
(165, '14362D', 'Llave con agarre de mano', 1754.61, 2),
(166, '14363P', 'Llave con agarre para microperforar', 542.21, 3),
(167, '14364P', 'Llave con agarre para rotular', 706.9, 3),
(168, '14365D', 'Llave con agarre de ajuste rápido', 1268.62, 1),
(169, '14366D', 'Llave con agarre de ajuste simétrico', 13.52, 3),
(170, '14367D', 'Llave con agarre de ajuste parcial', 580.98, 3),
(171, '14369D', 'Llave cicloidal de emergencia', 563.7, 1),
(172, '14370D', 'Llave cicloidal de repuesto', 69.73, 1),
(173, '14371D', 'Llave cicloidal de paso', 486.4, 3),
(174, '14372D', 'Llave cicloidal de acople', 225.24, 1),
(175, '14373D', 'Llave cicloidal de mano', 783.82, 3),
(176, '14374P', 'Llave cicloidal para microperforar', 1026.56, 3),
(177, '14375P', 'Llave cicloidal para rotular', 1499.43, 2),
(178, '14376D', 'Llave cicloidal de ajuste rápido', 1110.22, 3),
(179, '14377D', 'Llave cicloidal de ajuste simétrico', 552.98, 1),
(180, '14378D', 'Llave cicloidal de ajuste parcial', 1228.27, 1),
(181, '15380D', 'Llave modal de emergencia', 284.86, 1),
(182, '15381D', 'Llave modal de repuesto', 1239.13, 1),
(183, '15382D', 'Llave modal de paso', 854.33, 2),
(184, '15383D', 'Llave modal de acople', 141.33, 2),
(185, '15384D', 'Llave modal de mano', 1768.4, 2),
(186, '15385P', 'Llave modal para microperforar', 417.89, 3),
(187, '15386P', 'Llave modal para rotular', 1548.39, 1),
(188, '15387D', 'Llave modal de ajuste rápido', 1658.31, 2),
(189, '15388D', 'Llave modal de ajuste simétrico', 1527.79, 1),
(190, '15389D', 'Llave modal de ajuste parcial', 523.4, 3),
(191, '14891D', 'Llave helicoidal de emergencia', 1536.67, 1),
(192, '14892D', 'Llave helicoidal de repuesto', 219.55, 3),
(193, '14893D', 'Llave helicoidal de paso', 1236.75, 3),
(194, '14894D', 'Llave helicoidal de acople', 633.55, 2),
(195, '14895D', 'Llave helicoidal de mano', 148.24, 3),
(196, '14896P', 'Llave helicoidal para microperforar', 1899.1, 3),
(197, '14897P', 'Llave helicoidal para rotular', 577.81, 3),
(198, '14898D', 'Llave helicoidal de ajuste rápido', 1381.2, 3),
(199, '14899D', 'Llave helicoidal de ajuste simétrico', 1958.22, 1),
(200, '148100D', 'Llave helicoidal de ajuste parcial', 770.82, 3),
(201, '153102D', 'Llave monocapa de emergencia', 1332, 2),
(202, '153103D', 'Llave monocapa de repuesto', 1194.17, 2),
(203, '153104D', 'Llave monocapa de paso', 1761.79, 2),
(204, '153105D', 'Llave monocapa de acople', 1866.57, 3),
(205, '153106D', 'Llave monocapa de mano', 674.14, 2),
(206, '153107P', 'Llave monocapa para microperforar', 1200.89, 1),
(207, '153108P', 'Llave monocapa para rotular', 1882.48, 2),
(208, '153109D', 'Llave monocapa de ajuste rápido', 1992.37, 3),
(209, '153110D', 'Llave monocapa de ajuste simétrico', 1110.51, 1),
(210, '153111D', 'Llave monocapa de ajuste parcial', 604.84, 1),
(211, '148114D', 'Soldadura auxiliar de emergencia', 875.91, 2),
(212, '148115D', 'Soldadura auxiliar de repuesto', 631.82, 2),
(213, '148116D', 'Soldadura auxiliar de paso', 252.72, 1),
(214, '148117D', 'Soldadura auxiliar de acople', 216.56, 2),
(215, '148118D', 'Soldadura auxiliar de mano', 294.88, 2),
(216, '148119P', 'Soldadura auxiliar para microperforar', 1795.94, 1),
(217, '148120P', 'Soldadura auxiliar para rotular', 1269.67, 2),
(218, '148121D', 'Soldadura auxiliar de ajuste rápido', 1089.85, 2),
(219, '148122D', 'Soldadura auxiliar de ajuste simétrico', 1042.34, 1),
(220, '148123D', 'Soldadura auxiliar de ajuste parcial', 1965.1, 1),
(221, '160125D', 'Soldadura manual de emergencia', 1953.63, 2),
(222, '160126D', 'Soldadura manual de repuesto', 701.37, 1),
(223, '160127D', 'Soldadura manual de paso', 265.81, 3),
(224, '160128D', 'Soldadura manual de acople', 296.3, 2),
(225, '160129D', 'Soldadura manual de mano', 416.5, 1),
(226, '160130P', 'Soldadura manual para microperforar', 716.66, 1),
(227, '160131P', 'Soldadura manual para rotular', 299.66, 1),
(228, '160132D', 'Soldadura manual de ajuste rápido', 1834.55, 3),
(229, '160133D', 'Soldadura manual de ajuste simétrico', 1898.4, 1),
(230, '160134D', 'Soldadura manual de ajuste parcial', 1553.53, 3),
(231, '150136D', 'Soldadura con rodadura de emergencia', 1123.67, 1),
(232, '150137D', 'Soldadura con rodadura de repuesto', 837.37, 1),
(233, '150138D', 'Soldadura con rodadura de paso', 84.38, 2),
(234, '150139D', 'Soldadura con rodadura de acople', 1169.93, 1),
(235, '150140D', 'Soldadura con rodadura de mano', 16.69, 1),
(236, '150141P', 'Soldadura con rodadura para microperforar', 668.2, 2),
(237, '150142P', 'Soldadura con rodadura para rotular', 945.22, 3),
(238, '150143D', 'Soldadura con rodadura de ajuste rápido', 562.15, 1),
(239, '150144D', 'Soldadura con rodadura de ajuste simétrico', 526.17, 2),
(240, '150145D', 'Soldadura con rodadura de ajuste parcial', 189.66, 1),
(241, '150147D', 'Soldadura con presión de emergencia', 1861.82, 1),
(242, '150148D', 'Soldadura con presión de repuesto', 1983.83, 1),
(243, '150149D', 'Soldadura con presión de paso', 1040.95, 2),
(244, '150150D', 'Soldadura con presión de acople', 439.2, 3),
(245, '150151D', 'Soldadura con presión de mano', 49.69, 3),
(246, '150152P', 'Soldadura con presión para microperforar', 1038.25, 3),
(247, '150153P', 'Soldadura con presión para rotular', 1534.36, 2),
(248, '150154D', 'Soldadura con presión de ajuste rápido', 1244.15, 2),
(249, '150155D', 'Soldadura con presión de ajuste simétrico', 1843.61, 2),
(250, '150156D', 'Soldadura con presión de ajuste parcial', 1740.47, 1),
(251, '150158D', 'Soldadura con rebustez de emergencia', 1950.74, 1),
(252, '150159D', 'Soldadura con rebustez de repuesto', 253.95, 3),
(253, '150160D', 'Soldadura con rebustez de paso', 1203.31, 1),
(254, '150161D', 'Soldadura con rebustez de acople', 901.23, 2),
(255, '150162D', 'Soldadura con rebustez de mano', 1751.72, 2),
(256, '150163P', 'Soldadura con rebustez para microperforar', 1124.71, 1),
(257, '150164P', 'Soldadura con rebustez para rotular', 1779.8, 2),
(258, '150165D', 'Soldadura con rebustez de ajuste rápido', 822.89, 3),
(259, '150166D', 'Soldadura con rebustez de ajuste simétrico', 146.59, 3),
(260, '150167D', 'Soldadura con rebustez de ajuste parcial', 1434.58, 2),
(261, '150169D', 'Soldadura con agarre de emergencia', 230.58, 1),
(262, '150170D', 'Soldadura con agarre de repuesto', 1731.7, 2),
(263, '150171D', 'Soldadura con agarre de paso', 1625.18, 1),
(264, '150172D', 'Soldadura con agarre de acople', 1988.98, 2),
(265, '150173D', 'Soldadura con agarre de mano', 914.7, 3),
(266, '150174P', 'Soldadura con agarre para microperforar', 1555.74, 3),
(267, '150175P', 'Soldadura con agarre para rotular', 226.8, 1),
(268, '150176D', 'Soldadura con agarre de ajuste rápido', 1747.87, 3),
(269, '150177D', 'Soldadura con agarre de ajuste simétrico', 82.66, 1),
(270, '150178D', 'Soldadura con agarre de ajuste parcial', 1837.17, 2),
(271, '150180D', 'Soldadura cicloidal de emergencia', 823.81, 1),
(272, '150181D', 'Soldadura cicloidal de repuesto', 936.49, 2),
(273, '150182D', 'Soldadura cicloidal de paso', 39.4, 2),
(274, '150183D', 'Soldadura cicloidal de acople', 142.85, 1),
(275, '150184D', 'Soldadura cicloidal de mano', 270.79, 1),
(276, '150185P', 'Soldadura cicloidal para microperforar', 225.15, 2),
(277, '150186P', 'Soldadura cicloidal para rotular', 816.33, 1),
(278, '150187D', 'Soldadura cicloidal de ajuste rápido', 402.89, 3),
(279, '150188D', 'Soldadura cicloidal de ajuste simétrico', 1532.73, 1),
(280, '150189D', 'Soldadura cicloidal de ajuste parcial', 1859.37, 3),
(281, '160191D', 'Soldadura modal de emergencia', 968.4, 3),
(282, '160192D', 'Soldadura modal de repuesto', 1272.49, 1),
(283, '160193D', 'Soldadura modal de paso', 481.33, 2),
(284, '160194D', 'Soldadura modal de acople', 937.93, 2),
(285, '160195D', 'Soldadura modal de mano', 133.77, 3),
(286, '160196P', 'Soldadura modal para microperforar', 888.68, 2),
(287, '160197P', 'Soldadura modal para rotular', 1687.26, 1),
(288, '160198D', 'Soldadura modal de ajuste rápido', 1374.95, 2),
(289, '160199D', 'Soldadura modal de ajuste simétrico', 1407.81, 1),
(290, '160200D', 'Soldadura modal de ajuste parcial', 269.23, 3),
(291, '155202D', 'Soldadura helicoidal de emergencia', 1737.2, 3),
(292, '155203D', 'Soldadura helicoidal de repuesto', 404.35, 1),
(293, '155204D', 'Soldadura helicoidal de paso', 215.8, 1),
(294, '155205D', 'Soldadura helicoidal de acople', 1344.4, 3),
(295, '155206D', 'Soldadura helicoidal de mano', 1549.3, 3),
(296, '155207P', 'Soldadura helicoidal para microperforar', 1873.16, 1),
(297, '155208P', 'Soldadura helicoidal para rotular', 37.64, 1),
(298, '155209D', 'Soldadura helicoidal de ajuste rápido', 769.63, 1),
(299, '155210D', 'Soldadura helicoidal de ajuste simétrico', 948.34, 3),
(300, '155211D', 'Soldadura helicoidal de ajuste parcial', 1328.88, 3),
(301, '160213D', 'Soldadura monocapa de emergencia', 1290.8, 2),
(302, '160214D', 'Soldadura monocapa de repuesto', 267.12, 3),
(303, '160215D', 'Soldadura monocapa de paso', 368.38, 1),
(304, '160216D', 'Soldadura monocapa de acople', 1520.77, 1),
(305, '160217D', 'Soldadura monocapa de mano', 1021.13, 3),
(306, '160218P', 'Soldadura monocapa para microperforar', 1999.65, 3),
(307, '160219P', 'Soldadura monocapa para rotular', 1245.75, 3),
(308, '160220D', 'Soldadura monocapa de ajuste rápido', 1385.28, 1),
(309, '160221D', 'Soldadura monocapa de ajuste simétrico', 948.12, 3),
(310, '160222D', 'Soldadura monocapa de ajuste parcial', 1591.1, 1),
(311, '145225D', 'Pieza auxiliar de emergencia', 1752.55, 3),
(312, '145226D', 'Pieza auxiliar de repuesto', 1033.51, 3),
(313, '145227D', 'Pieza auxiliar de paso', 1841.52, 1),
(314, '145228D', 'Pieza auxiliar de acople', 453.17, 2),
(315, '145229D', 'Pieza auxiliar de mano', 748.67, 1),
(316, '145230P', 'Pieza auxiliar para microperforar', 136.53, 1),
(317, '145231P', 'Pieza auxiliar para rotular', 407.97, 2),
(318, '145232D', 'Pieza auxiliar de ajuste rápido', 817.95, 2),
(319, '145233D', 'Pieza auxiliar de ajuste simétrico', 1527.17, 3),
(320, '145234D', 'Pieza auxiliar de ajuste parcial', 758.12, 1),
(321, '157236D', 'Pieza manual de emergencia', 1866.41, 1),
(322, '157237D', 'Pieza manual de repuesto', 1658.5, 1),
(323, '157238D', 'Pieza manual de paso', 165.66, 1),
(324, '157239D', 'Pieza manual de acople', 264.6, 3),
(325, '157240D', 'Pieza manual de mano', 74.51, 3),
(326, '157241P', 'Pieza manual para microperforar', 1313.42, 1),
(327, '157242P', 'Pieza manual para rotular', 1274.87, 1),
(328, '157243D', 'Pieza manual de ajuste rápido', 1047.1, 1),
(329, '157244D', 'Pieza manual de ajuste simétrico', 963.39, 2),
(330, '157245D', 'Pieza manual de ajuste parcial', 40.27, 2),
(331, '147247D', 'Pieza con rodadura de emergencia', 824, 2),
(332, '147248D', 'Pieza con rodadura de repuesto', 1416.38, 2),
(333, '147249D', 'Pieza con rodadura de paso', 1990.47, 2),
(334, '147250D', 'Pieza con rodadura de acople', 1106.22, 1),
(335, '147251D', 'Pieza con rodadura de mano', 1541.8, 2),
(336, '147252P', 'Pieza con rodadura para microperforar', 680.35, 2),
(337, '147253P', 'Pieza con rodadura para rotular', 53.87, 2),
(338, '147254D', 'Pieza con rodadura de ajuste rápido', 1252.9, 1),
(339, '147255D', 'Pieza con rodadura de ajuste simétrico', 1192.26, 2),
(340, '147256D', 'Pieza con rodadura de ajuste parcial', 1275.5, 1),
(341, '147258D', 'Pieza con presión de emergencia', 466.4, 3),
(342, '147259D', 'Pieza con presión de repuesto', 1004.5, 1),
(343, '147260D', 'Pieza con presión de paso', 1442.82, 2),
(344, '147261D', 'Pieza con presión de acople', 729.4, 2),
(345, '147262D', 'Pieza con presión de mano', 977.52, 2),
(346, '147263P', 'Pieza con presión para microperforar', 703.2, 1),
(347, '147264P', 'Pieza con presión para rotular', 281.77, 1),
(348, '147265D', 'Pieza con presión de ajuste rápido', 1972.82, 1),
(349, '147266D', 'Pieza con presión de ajuste simétrico', 64.59, 2),
(350, '147267D', 'Pieza con presión de ajuste parcial', 1514.96, 3),
(351, '147269D', 'Pieza con rebustez de emergencia', 525.55, 3),
(352, '147270D', 'Pieza con rebustez de repuesto', 1493.37, 3),
(353, '147271D', 'Pieza con rebustez de paso', 1500.32, 2),
(354, '147272D', 'Pieza con rebustez de acople', 492.76, 2),
(355, '147273D', 'Pieza con rebustez de mano', 814.7, 3),
(356, '147274P', 'Pieza con rebustez para microperforar', 1486.42, 2),
(357, '147275P', 'Pieza con rebustez para rotular', 694.74, 1),
(358, '147276D', 'Pieza con rebustez de ajuste rápido', 687, 3),
(359, '147277D', 'Pieza con rebustez de ajuste simétrico', 197.57, 3),
(360, '147278D', 'Pieza con rebustez de ajuste parcial', 1713.27, 2),
(361, '147280D', 'Pieza con agarre de emergencia', 623.8, 2),
(362, '147281D', 'Pieza con agarre de repuesto', 1481.8, 1),
(363, '147282D', 'Pieza con agarre de paso', 812.98, 2),
(364, '147283D', 'Pieza con agarre de acople', 1315.12, 3),
(365, '147284D', 'Pieza con agarre de mano', 724.7, 1),
(366, '147285P', 'Pieza con agarre para microperforar', 618.45, 1),
(367, '147286P', 'Pieza con agarre para rotular', 1764.3, 1),
(368, '147287D', 'Pieza con agarre de ajuste rápido', 1943.59, 1),
(369, '147288D', 'Pieza con agarre de ajuste simétrico', 1265.86, 1),
(370, '147289D', 'Pieza con agarre de ajuste parcial', 1905.27, 1),
(371, '147291D', 'Pieza cicloidal de emergencia', 751.98, 3),
(372, '147292D', 'Pieza cicloidal de repuesto', 756.6, 3),
(373, '147293D', 'Pieza cicloidal de paso', 1184.1, 2),
(374, '147294D', 'Pieza cicloidal de acople', 929.18, 3),
(375, '147295D', 'Pieza cicloidal de mano', 1145.53, 2),
(376, '147296P', 'Pieza cicloidal para microperforar', 1248.54, 2),
(377, '147297P', 'Pieza cicloidal para rotular', 1763.26, 3),
(378, '147298D', 'Pieza cicloidal de ajuste rápido', 115.42, 1),
(379, '147299D', 'Pieza cicloidal de ajuste simétrico', 1503.76, 3),
(380, '147300D', 'Pieza cicloidal de ajuste parcial', 853.8, 2),
(381, '157302D', 'Pieza modal de emergencia', 1579.88, 3),
(382, '157303D', 'Pieza modal de repuesto', 1788.6, 3),
(383, '157304D', 'Pieza modal de paso', 1622.46, 3),
(384, '157305D', 'Pieza modal de acople', 863.89, 2),
(385, '157306D', 'Pieza modal de mano', 1222.38, 3),
(386, '157307P', 'Pieza modal para microperforar', 214.1, 1),
(387, '157308P', 'Pieza modal para rotular', 286.38, 3),
(388, '157309D', 'Pieza modal de ajuste rápido', 826.12, 1),
(389, '157310D', 'Pieza modal de ajuste simétrico', 1640, 3),
(390, '157311D', 'Pieza modal de ajuste parcial', 273.1, 3),
(391, '152313D', 'Pieza helicoidal de emergencia', 578.72, 1),
(392, '152314D', 'Pieza helicoidal de repuesto', 1416.78, 3),
(393, '152315D', 'Pieza helicoidal de paso', 1823.47, 2),
(394, '152316D', 'Pieza helicoidal de acople', 175.78, 2),
(395, '152317D', 'Pieza helicoidal de mano', 1682.92, 2),
(396, '152318P', 'Pieza helicoidal para microperforar', 1814.93, 3),
(397, '152319P', 'Pieza helicoidal para rotular', 1066.73, 2),
(398, '152320D', 'Pieza helicoidal de ajuste rápido', 109.16, 3),
(399, '152321D', 'Pieza helicoidal de ajuste simétrico', 1713.69, 2),
(400, '152322D', 'Pieza helicoidal de ajuste parcial', 502.44, 2),
(401, '157324D', 'Pieza monocapa de emergencia', 311.41, 2),
(402, '157325D', 'Pieza monocapa de repuesto', 1629.25, 2),
(403, '157326D', 'Pieza monocapa de paso', 101.55, 1),
(404, '157327D', 'Pieza monocapa de acople', 1617.79, 1),
(405, '157328D', 'Pieza monocapa de mano', 1010.85, 3),
(406, '157329P', 'Pieza monocapa para microperforar', 1363.86, 1),
(407, '157330P', 'Pieza monocapa para rotular', 59.47, 1),
(408, '157331D', 'Pieza monocapa de ajuste rápido', 159.94, 1),
(409, '157332D', 'Pieza monocapa de ajuste simétrico', 154.25, 1),
(410, '157333D', 'Pieza monocapa de ajuste parcial', 1833.8, 2),
(411, '131336D', 'Bote auxiliar de emergencia', 1436.85, 1),
(412, '131337D', 'Bote auxiliar de repuesto', 194.58, 2),
(413, '131338D', 'Bote auxiliar de paso', 1819.1, 1),
(414, '131339D', 'Bote auxiliar de acople', 698.42, 3),
(415, '131340D', 'Bote auxiliar de mano', 1203.1, 3),
(416, '131341P', 'Bote auxiliar para microperforar', 1644.61, 1),
(417, '131342P', 'Bote auxiliar para rotular', 552.66, 2),
(418, '131343D', 'Bote auxiliar de ajuste rápido', 139.7, 3),
(419, '131344D', 'Bote auxiliar de ajuste simétrico', 1028.92, 3),
(420, '131345D', 'Bote auxiliar de ajuste parcial', 1964.67, 3),
(421, '143347D', 'Bote manual de emergencia', 1120.4, 1),
(422, '143348D', 'Bote manual de repuesto', 798.89, 1),
(423, '143349D', 'Bote manual de paso', 140.69, 3),
(424, '143350D', 'Bote manual de acople', 978.84, 1),
(425, '143351D', 'Bote manual de mano', 1986.95, 3),
(426, '143352P', 'Bote manual para microperforar', 1532.14, 1),
(427, '143353P', 'Bote manual para rotular', 1007.1, 1),
(428, '143354D', 'Bote manual de ajuste rápido', 462.24, 2),
(429, '143355D', 'Bote manual de ajuste simétrico', 642.77, 2),
(430, '143356D', 'Bote manual de ajuste parcial', 434.94, 3),
(431, '133358D', 'Bote con rodadura de emergencia', 113.31, 3),
(432, '133359D', 'Bote con rodadura de repuesto', 330.43, 3),
(433, '133360D', 'Bote con rodadura de paso', 1857.28, 1),
(434, '133361D', 'Bote con rodadura de acople', 211.6, 3),
(435, '133362D', 'Bote con rodadura de mano', 1729.72, 1),
(436, '133363P', 'Bote con rodadura para microperforar', 1646.15, 1),
(437, '133364P', 'Bote con rodadura para rotular', 1944.93, 1),
(438, '133365D', 'Bote con rodadura de ajuste rápido', 1154.58, 2),
(439, '133366D', 'Bote con rodadura de ajuste simétrico', 34.66, 2),
(440, '133367D', 'Bote con rodadura de ajuste parcial', 609.62, 2),
(441, '133369D', 'Bote con presión de emergencia', 1586.95, 1),
(442, '133370D', 'Bote con presión de repuesto', 789.86, 3),
(443, '133371D', 'Bote con presión de paso', 1401.57, 3),
(444, '133372D', 'Bote con presión de acople', 1404.64, 3),
(445, '133373D', 'Bote con presión de mano', 1658.65, 1),
(446, '133374P', 'Bote con presión para microperforar', 28.3, 3),
(447, '133375P', 'Bote con presión para rotular', 1839.79, 2),
(448, '133376D', 'Bote con presión de ajuste rápido', 899.36, 1),
(449, '133377D', 'Bote con presión de ajuste simétrico', 49.17, 1),
(450, '133378D', 'Bote con presión de ajuste parcial', 715.37, 3),
(451, '133380D', 'Bote con rebustez de emergencia', 518.5, 1),
(452, '133381D', 'Bote con rebustez de repuesto', 1831.48, 1),
(453, '133382D', 'Bote con rebustez de paso', 1375.78, 1),
(454, '133383D', 'Bote con rebustez de acople', 662.8, 1),
(455, '133384D', 'Bote con rebustez de mano', 787.15, 2),
(456, '133385P', 'Bote con rebustez para microperforar', 324.98, 1),
(457, '133386P', 'Bote con rebustez para rotular', 984.37, 1),
(458, '133387D', 'Bote con rebustez de ajuste rápido', 1358.85, 3),
(459, '133388D', 'Bote con rebustez de ajuste simétrico', 1807.94, 2),
(460, '133389D', 'Bote con rebustez de ajuste parcial', 1775.51, 1),
(461, '133391D', 'Bote con agarre de emergencia', 1943.41, 2),
(462, '133392D', 'Bote con agarre de repuesto', 242.62, 2),
(463, '133393D', 'Bote con agarre de paso', 1849.13, 1),
(464, '133394D', 'Bote con agarre de acople', 43.52, 3),
(465, '133395D', 'Bote con agarre de mano', 1919.35, 2),
(466, '133396P', 'Bote con agarre para microperforar', 477.14, 3),
(467, '133397P', 'Bote con agarre para rotular', 1798.4, 2),
(468, '133398D', 'Bote con agarre de ajuste rápido', 1221.25, 2),
(469, '133399D', 'Bote con agarre de ajuste simétrico', 1687.6, 1),
(470, '133400D', 'Bote con agarre de ajuste parcial', 665.57, 1),
(471, '133402D', 'Bote cicloidal de emergencia', 906.72, 3),
(472, '133403D', 'Bote cicloidal de repuesto', 885.67, 2),
(473, '133404D', 'Bote cicloidal de paso', 1462.4, 2),
(474, '133405D', 'Bote cicloidal de acople', 1026.36, 2),
(475, '133406D', 'Bote cicloidal de mano', 539.7, 1),
(476, '133407P', 'Bote cicloidal para microperforar', 1809.7, 2),
(477, '133408P', 'Bote cicloidal para rotular', 717.71, 1),
(478, '133409D', 'Bote cicloidal de ajuste rápido', 1582.17, 3),
(479, '133410D', 'Bote cicloidal de ajuste simétrico', 1963.89, 2),
(480, '133411D', 'Bote cicloidal de ajuste parcial', 686.85, 2),
(481, '143413D', 'Bote modal de emergencia', 447.4, 3),
(482, '143414D', 'Bote modal de repuesto', 1750.64, 3),
(483, '143415D', 'Bote modal de paso', 916.74, 3),
(484, '143416D', 'Bote modal de acople', 243.69, 1),
(485, '143417D', 'Bote modal de mano', 217.77, 3),
(486, '143418P', 'Bote modal para microperforar', 1865.74, 2),
(487, '143419P', 'Bote modal para rotular', 373.51, 1),
(488, '143420D', 'Bote modal de ajuste rápido', 149.79, 1),
(489, '143421D', 'Bote modal de ajuste simétrico', 1210.9, 2),
(490, '143422D', 'Bote modal de ajuste parcial', 1745.67, 3),
(491, '138424D', 'Bote helicoidal de emergencia', 484.88, 2),
(492, '138425D', 'Bote helicoidal de repuesto', 1178.34, 2),
(493, '138426D', 'Bote helicoidal de paso', 1335.65, 3),
(494, '138427D', 'Bote helicoidal de acople', 11.4, 1),
(495, '138428D', 'Bote helicoidal de mano', 934.8, 2),
(496, '138429P', 'Bote helicoidal para microperforar', 1274.47, 1),
(497, '138430P', 'Bote helicoidal para rotular', 194.18, 1),
(498, '138431D', 'Bote helicoidal de ajuste rápido', 414.36, 2),
(499, '138432D', 'Bote helicoidal de ajuste simétrico', 245.81, 3),
(500, '138433D', 'Bote helicoidal de ajuste parcial', 179, 1),
(501, '143435D', 'Bote monocapa de emergencia', 1849.28, 3),
(502, '143436D', 'Bote monocapa de repuesto', 854.4, 3),
(503, '143437D', 'Bote monocapa de paso', 210.26, 1),
(504, '143438D', 'Bote monocapa de acople', 540.31, 2),
(505, '143439D', 'Bote monocapa de mano', 323.43, 3),
(506, '143440P', 'Bote monocapa para microperforar', 838.4, 3),
(507, '143441P', 'Bote monocapa para rotular', 1121.91, 3),
(508, '143442D', 'Bote monocapa de ajuste rápido', 1092.15, 2),
(509, '143443D', 'Bote monocapa de ajuste simétrico', 1406.19, 1),
(510, '143444D', 'Bote monocapa de ajuste parcial', 1205.66, 1),
(511, '130447D', 'Asadura auxiliar de emergencia', 290.1, 3),
(512, '130448D', 'Asadura auxiliar de repuesto', 292.6, 2),
(513, '130449D', 'Asadura auxiliar de paso', 687.52, 2),
(514, '130450D', 'Asadura auxiliar de acople', 832.58, 3),
(515, '130451D', 'Asadura auxiliar de mano', 1383.19, 2),
(516, '130452P', 'Asadura auxiliar para microperforar', 1349.1, 3),
(517, '130453P', 'Asadura auxiliar para rotular', 24.73, 2),
(518, '130454D', 'Asadura auxiliar de ajuste rápido', 179.74, 2),
(519, '130455D', 'Asadura auxiliar de ajuste simétrico', 1584.97, 1),
(520, '130456D', 'Asadura auxiliar de ajuste parcial', 291.74, 3),
(521, '142458D', 'Asadura manual de emergencia', 41.23, 1),
(522, '142459D', 'Asadura manual de repuesto', 1927.32, 2),
(523, '142460D', 'Asadura manual de paso', 1036.9, 3),
(524, '142461D', 'Asadura manual de acople', 1758.9, 2),
(525, '142462D', 'Asadura manual de mano', 1267.23, 2),
(526, '142463P', 'Asadura manual para microperforar', 1562.56, 1),
(527, '142464P', 'Asadura manual para rotular', 230.57, 3),
(528, '142465D', 'Asadura manual de ajuste rápido', 899.5, 1),
(529, '142466D', 'Asadura manual de ajuste simétrico', 419.62, 3),
(530, '142467D', 'Asadura manual de ajuste parcial', 365.18, 3),
(531, '132469D', 'Asadura con rodadura de emergencia', 1584.42, 2),
(532, '132470D', 'Asadura con rodadura de repuesto', 84.66, 1),
(533, '132471D', 'Asadura con rodadura de paso', 1540.2, 3),
(534, '132472D', 'Asadura con rodadura de acople', 1244.73, 1),
(535, '132473D', 'Asadura con rodadura de mano', 536.54, 2),
(536, '132474P', 'Asadura con rodadura para microperforar', 283.38, 1),
(537, '132475P', 'Asadura con rodadura para rotular', 1498.93, 1),
(538, '132476D', 'Asadura con rodadura de ajuste rápido', 1358.21, 3),
(539, '132477D', 'Asadura con rodadura de ajuste simétrico', 1114.52, 2),
(540, '132478D', 'Asadura con rodadura de ajuste parcial', 575.8, 1),
(541, '132480D', 'Asadura con presión de emergencia', 1738.81, 2),
(542, '132481D', 'Asadura con presión de repuesto', 724.61, 3),
(543, '132482D', 'Asadura con presión de paso', 1253.52, 1),
(544, '132483D', 'Asadura con presión de acople', 1545.57, 1),
(545, '132484D', 'Asadura con presión de mano', 1670.77, 1),
(546, '132485P', 'Asadura con presión para microperforar', 1497.44, 1),
(547, '132486P', 'Asadura con presión para rotular', 638.22, 3),
(548, '132487D', 'Asadura con presión de ajuste rápido', 445.6, 3),
(549, '132488D', 'Asadura con presión de ajuste simétrico', 1185.94, 2),
(550, '132489D', 'Asadura con presión de ajuste parcial', 1376.43, 2),
(551, '132491D', 'Asadura con rebustez de emergencia', 983.46, 2),
(552, '132492D', 'Asadura con rebustez de repuesto', 141.22, 3),
(553, '132493D', 'Asadura con rebustez de paso', 115.5, 2),
(554, '132494D', 'Asadura con rebustez de acople', 1833.71, 1),
(555, '132495D', 'Asadura con rebustez de mano', 1959.42, 1),
(556, '132496P', 'Asadura con rebustez para microperforar', 76.85, 3),
(557, '132497P', 'Asadura con rebustez para rotular', 440.29, 1),
(558, '132498D', 'Asadura con rebustez de ajuste rápido', 536.76, 2),
(559, '132499D', 'Asadura con rebustez de ajuste simétrico', 795.8, 3),
(560, '132500D', 'Asadura con rebustez de ajuste parcial', 135.61, 1),
(561, '132502D', 'Asadura con agarre de emergencia', 309.21, 1),
(562, '132503D', 'Asadura con agarre de repuesto', 751.38, 1),
(563, '132504D', 'Asadura con agarre de paso', 381.12, 1),
(564, '132505D', 'Asadura con agarre de acople', 229.3, 3),
(565, '132506D', 'Asadura con agarre de mano', 881.17, 2),
(566, '132507P', 'Asadura con agarre para microperforar', 1631.91, 2),
(567, '132508P', 'Asadura con agarre para rotular', 901.15, 1),
(568, '132509D', 'Asadura con agarre de ajuste rápido', 29.7, 3),
(569, '132510D', 'Asadura con agarre de ajuste simétrico', 1518.14, 3),
(570, '132511D', 'Asadura con agarre de ajuste parcial', 334.31, 2),
(571, '132513D', 'Asadura cicloidal de emergencia', 19.77, 1),
(572, '132514D', 'Asadura cicloidal de repuesto', 1300.82, 2),
(573, '132515D', 'Asadura cicloidal de paso', 63.43, 3),
(574, '132516D', 'Asadura cicloidal de acople', 1475.11, 1),
(575, '132517D', 'Asadura cicloidal de mano', 1267.79, 1),
(576, '132518P', 'Asadura cicloidal para microperforar', 1576.92, 2),
(577, '132519P', 'Asadura cicloidal para rotular', 1350.86, 2),
(578, '132520D', 'Asadura cicloidal de ajuste rápido', 240.45, 2),
(579, '132521D', 'Asadura cicloidal de ajuste simétrico', 1651.35, 2),
(580, '132522D', 'Asadura cicloidal de ajuste parcial', 1279.7, 1),
(581, '142524D', 'Asadura modal de emergencia', 376.46, 3),
(582, '142525D', 'Asadura modal de repuesto', 77.33, 2),
(583, '142526D', 'Asadura modal de paso', 957.94, 3),
(584, '142527D', 'Asadura modal de acople', 90.8, 1),
(585, '142528D', 'Asadura modal de mano', 1713.9, 1),
(586, '142529P', 'Asadura modal para microperforar', 1876.18, 1),
(587, '142530P', 'Asadura modal para rotular', 259.32, 1),
(588, '142531D', 'Asadura modal de ajuste rápido', 449.65, 1),
(589, '142532D', 'Asadura modal de ajuste simétrico', 3.4, 2),
(590, '142533D', 'Asadura modal de ajuste parcial', 1052.1, 1),
(591, '137535D', 'Asadura helicoidal de emergencia', 11.11, 3),
(592, '137536D', 'Asadura helicoidal de repuesto', 173.7, 2),
(593, '137537D', 'Asadura helicoidal de paso', 1265, 1),
(594, '137538D', 'Asadura helicoidal de acople', 1441.42, 2),
(595, '137539D', 'Asadura helicoidal de mano', 1285.68, 2),
(596, '137540P', 'Asadura helicoidal para microperforar', 1177.13, 1),
(597, '137541P', 'Asadura helicoidal para rotular', 318.45, 1),
(598, '137542D', 'Asadura helicoidal de ajuste rápido', 1860.95, 1),
(599, '137543D', 'Asadura helicoidal de ajuste simétrico', 1101.77, 3),
(600, '137544D', 'Asadura helicoidal de ajuste parcial', 690.3, 3),
(601, '142546D', 'Asadura monocapa de emergencia', 1494.1, 3),
(602, '142547D', 'Asadura monocapa de repuesto', 150.36, 1),
(603, '142548D', 'Asadura monocapa de paso', 717.52, 1),
(604, '142549D', 'Asadura monocapa de acople', 380.51, 2),
(605, '142550D', 'Asadura monocapa de mano', 908.58, 2),
(606, '142551P', 'Asadura monocapa para microperforar', 1856.74, 2),
(607, '142552P', 'Asadura monocapa para rotular', 585.4, 2),
(608, '142553D', 'Asadura monocapa de ajuste rápido', 1861.61, 1),
(609, '142554D', 'Asadura monocapa de ajuste simétrico', 1287.19, 1),
(610, '142555D', 'Asadura monocapa de ajuste parcial', 518.41, 1),
(611, '142558D', 'Mecanizado auxiliar de emergencia', 985.38, 2),
(612, '142559D', 'Mecanizado auxiliar de repuesto', 1299.86, 3),
(613, '142560D', 'Mecanizado auxiliar de paso', 1334.82, 3),
(614, '142561D', 'Mecanizado auxiliar de acople', 1938.28, 1),
(615, '142562D', 'Mecanizado auxiliar de mano', 1845.42, 1),
(616, '142563P', 'Mecanizado auxiliar para microperforar', 846.75, 3),
(617, '142564P', 'Mecanizado auxiliar para rotular', 361.9, 3),
(618, '142565D', 'Mecanizado auxiliar de ajuste rápido', 1898.28, 2),
(619, '142566D', 'Mecanizado auxiliar de ajuste simétrico', 1864.93, 2),
(620, '142567D', 'Mecanizado auxiliar de ajuste parcial', 370.31, 3),
(621, '154569D', 'Mecanizado manual de emergencia', 1218.1, 1),
(622, '154570D', 'Mecanizado manual de repuesto', 758.34, 1),
(623, '154571D', 'Mecanizado manual de paso', 489.34, 1),
(624, '154572D', 'Mecanizado manual de acople', 1049.91, 1),
(625, '154573D', 'Mecanizado manual de mano', 684.38, 1),
(626, '154574P', 'Mecanizado manual para microperforar', 1895.11, 2),
(627, '154575P', 'Mecanizado manual para rotular', 47.53, 2),
(628, '154576D', 'Mecanizado manual de ajuste rápido', 1968.5, 2),
(629, '154577D', 'Mecanizado manual de ajuste simétrico', 926.73, 2),
(630, '154578D', 'Mecanizado manual de ajuste parcial', 1770.35, 3),
(631, '144580D', 'Mecanizado con rodadura de emergencia', 579.34, 1),
(632, '144581D', 'Mecanizado con rodadura de repuesto', 378.58, 3),
(633, '144582D', 'Mecanizado con rodadura de paso', 560.71, 2),
(634, '144583D', 'Mecanizado con rodadura de acople', 57.23, 2),
(635, '144584D', 'Mecanizado con rodadura de mano', 858.19, 3),
(636, '144585P', 'Mecanizado con rodadura para microperforar', 752.88, 3),
(637, '144586P', 'Mecanizado con rodadura para rotular', 1465.47, 3),
(638, '144587D', 'Mecanizado con rodadura de ajuste rápido', 460.28, 2),
(639, '144588D', 'Mecanizado con rodadura de ajuste simétrico', 1746.62, 2),
(640, '144589D', 'Mecanizado con rodadura de ajuste parcial', 793.4, 2),
(641, '144591D', 'Mecanizado con presión de emergencia', 774.25, 3),
(642, '144592D', 'Mecanizado con presión de repuesto', 1769.23, 1),
(643, '144593D', 'Mecanizado con presión de paso', 985.66, 1),
(644, '144594D', 'Mecanizado con presión de acople', 77.34, 2),
(645, '144595D', 'Mecanizado con presión de mano', 1591.41, 3),
(646, '144596P', 'Mecanizado con presión para microperforar', 1562.39, 2),
(647, '144597P', 'Mecanizado con presión para rotular', 1604.76, 2),
(648, '144598D', 'Mecanizado con presión de ajuste rápido', 168.82, 1),
(649, '144599D', 'Mecanizado con presión de ajuste simétrico', 65.31, 1),
(650, '144600D', 'Mecanizado con presión de ajuste parcial', 817.37, 2),
(651, '144602D', 'Mecanizado con rebustez de emergencia', 1787.17, 2),
(652, '144603D', 'Mecanizado con rebustez de repuesto', 356.58, 3),
(653, '144604D', 'Mecanizado con rebustez de paso', 444.64, 1),
(654, '144605D', 'Mecanizado con rebustez de acople', 1538.4, 1),
(655, '144606D', 'Mecanizado con rebustez de mano', 1598.14, 1),
(656, '144607P', 'Mecanizado con rebustez para microperforar', 1743.14, 3),
(657, '144608P', 'Mecanizado con rebustez para rotular', 1889.1, 3),
(658, '144609D', 'Mecanizado con rebustez de ajuste rápido', 1126.39, 2),
(659, '144610D', 'Mecanizado con rebustez de ajuste simétrico', 1768.53, 3),
(660, '144611D', 'Mecanizado con rebustez de ajuste parcial', 1552.69, 3),
(661, '144613D', 'Mecanizado con agarre de emergencia', 676.64, 2),
(662, '144614D', 'Mecanizado con agarre de repuesto', 151.82, 3),
(663, '144615D', 'Mecanizado con agarre de paso', 1448.57, 3),
(664, '144616D', 'Mecanizado con agarre de acople', 730.72, 2),
(665, '144617D', 'Mecanizado con agarre de mano', 1697.67, 1),
(666, '144618P', 'Mecanizado con agarre para microperforar', 519.95, 1),
(667, '144619P', 'Mecanizado con agarre para rotular', 658.13, 2),
(668, '144620D', 'Mecanizado con agarre de ajuste rápido', 394.44, 2),
(669, '144621D', 'Mecanizado con agarre de ajuste simétrico', 294.44, 3),
(670, '144622D', 'Mecanizado con agarre de ajuste parcial', 897.28, 1),
(671, '144624D', 'Mecanizado cicloidal de emergencia', 116.4, 3),
(672, '144625D', 'Mecanizado cicloidal de repuesto', 881.61, 3),
(673, '144626D', 'Mecanizado cicloidal de paso', 891.66, 3),
(674, '144627D', 'Mecanizado cicloidal de acople', 1745.29, 3),
(675, '144628D', 'Mecanizado cicloidal de mano', 205.61, 3),
(676, '144629P', 'Mecanizado cicloidal para microperforar', 753.6, 2),
(677, '144630P', 'Mecanizado cicloidal para rotular', 687.42, 1),
(678, '144631D', 'Mecanizado cicloidal de ajuste rápido', 444.2, 2),
(679, '144632D', 'Mecanizado cicloidal de ajuste simétrico', 1274.2, 1),
(680, '144633D', 'Mecanizado cicloidal de ajuste parcial', 1353.26, 1),
(681, '154635D', 'Mecanizado modal de emergencia', 1610.62, 1),
(682, '154636D', 'Mecanizado modal de repuesto', 312.54, 1),
(683, '154637D', 'Mecanizado modal de paso', 28.67, 3),
(684, '154638D', 'Mecanizado modal de acople', 554.28, 2),
(685, '154639D', 'Mecanizado modal de mano', 929.39, 2),
(686, '154640P', 'Mecanizado modal para microperforar', 764.63, 3),
(687, '154641P', 'Mecanizado modal para rotular', 916.85, 2),
(688, '154642D', 'Mecanizado modal de ajuste rápido', 1411.77, 3),
(689, '154643D', 'Mecanizado modal de ajuste simétrico', 1859.6, 1),
(690, '154644D', 'Mecanizado modal de ajuste parcial', 663.4, 2),
(691, '149646D', 'Mecanizado helicoidal de emergencia', 1137.77, 1),
(692, '149647D', 'Mecanizado helicoidal de repuesto', 1985.25, 3),
(693, '149648D', 'Mecanizado helicoidal de paso', 1243.81, 1),
(694, '149649D', 'Mecanizado helicoidal de acople', 131.72, 3),
(695, '149650D', 'Mecanizado helicoidal de mano', 1587.42, 1),
(696, '149651P', 'Mecanizado helicoidal para microperforar', 840.51, 3),
(697, '149652P', 'Mecanizado helicoidal para rotular', 540.16, 1),
(698, '149653D', 'Mecanizado helicoidal de ajuste rápido', 651.43, 2),
(699, '149654D', 'Mecanizado helicoidal de ajuste simétrico', 1946.32, 2),
(700, '149655D', 'Mecanizado helicoidal de ajuste parcial', 663.3, 2),
(701, '154657D', 'Mecanizado monocapa de emergencia', 50.52, 3),
(702, '154658D', 'Mecanizado monocapa de repuesto', 446.74, 2),
(703, '154659D', 'Mecanizado monocapa de paso', 9.12, 2),
(704, '154660D', 'Mecanizado monocapa de acople', 1195.84, 1),
(705, '154661D', 'Mecanizado monocapa de mano', 1418.86, 1),
(706, '154662P', 'Mecanizado monocapa para microperforar', 785.14, 2),
(707, '154663P', 'Mecanizado monocapa para rotular', 659.41, 2),
(708, '154664D', 'Mecanizado monocapa de ajuste rápido', 1820.19, 3),
(709, '154665D', 'Mecanizado monocapa de ajuste simétrico', 1673.62, 3),
(710, '154666D', 'Mecanizado monocapa de ajuste parcial', 841.87, 2),
(711, '131669D', 'Bote auxiliar de emergencia', 71.77, 1),
(712, '131670D', 'Bote auxiliar de repuesto', 467.8, 3),
(713, '131671D', 'Bote auxiliar de paso', 752.95, 3),
(714, '131672D', 'Bote auxiliar de acople', 46.25, 2),
(715, '131673D', 'Bote auxiliar de mano', 1337.23, 2),
(716, '131674P', 'Bote auxiliar para microperforar', 1920.4, 3),
(717, '131675P', 'Bote auxiliar para rotular', 629.86, 2),
(718, '131676D', 'Bote auxiliar de ajuste rápido', 1860.68, 1),
(719, '131677D', 'Bote auxiliar de ajuste simétrico', 36.66, 2),
(720, '131678D', 'Bote auxiliar de ajuste parcial', 1213.93, 2),
(721, '143680D', 'Bote manual de emergencia', 1127.7, 1),
(722, '143681D', 'Bote manual de repuesto', 153.72, 2),
(723, '143682D', 'Bote manual de paso', 206.65, 1),
(724, '143683D', 'Bote manual de acople', 1097.33, 2),
(725, '143684D', 'Bote manual de mano', 1578.21, 2),
(726, '143685P', 'Bote manual para microperforar', 27.53, 2),
(727, '143686P', 'Bote manual para rotular', 891.73, 3),
(728, '143687D', 'Bote manual de ajuste rápido', 1500.96, 3),
(729, '143688D', 'Bote manual de ajuste simétrico', 100.2, 2),
(730, '143689D', 'Bote manual de ajuste parcial', 1843.11, 3),
(731, '133691D', 'Bote con rodadura de emergencia', 818.23, 2),
(732, '133692D', 'Bote con rodadura de repuesto', 379.32, 2),
(733, '133693D', 'Bote con rodadura de paso', 1274.21, 3),
(734, '133694D', 'Bote con rodadura de acople', 548.58, 1),
(735, '133695D', 'Bote con rodadura de mano', 1590.46, 1),
(736, '133696P', 'Bote con rodadura para microperforar', 550.44, 2),
(737, '133697P', 'Bote con rodadura para rotular', 65.16, 1),
(738, '133698D', 'Bote con rodadura de ajuste rápido', 645.85, 2),
(739, '133699D', 'Bote con rodadura de ajuste simétrico', 944.9, 2),
(740, '133700D', 'Bote con rodadura de ajuste parcial', 705.98, 2),
(741, '133702D', 'Bote con presión de emergencia', 1132.33, 2),
(742, '133703D', 'Bote con presión de repuesto', 1812.83, 2),
(743, '133704D', 'Bote con presión de paso', 1578.3, 3),
(744, '133705D', 'Bote con presión de acople', 990.46, 2),
(745, '133706D', 'Bote con presión de mano', 343.17, 1),
(746, '133707P', 'Bote con presión para microperforar', 1096.53, 2),
(747, '133708P', 'Bote con presión para rotular', 452.19, 1),
(748, '133709D', 'Bote con presión de ajuste rápido', 1686.3, 1),
(749, '133710D', 'Bote con presión de ajuste simétrico', 221.61, 3),
(750, '133711D', 'Bote con presión de ajuste parcial', 472.19, 3),
(751, '133713D', 'Bote con rebustez de emergencia', 220.26, 1),
(752, '133714D', 'Bote con rebustez de repuesto', 1710.36, 1),
(753, '133715D', 'Bote con rebustez de paso', 717.42, 3),
(754, '133716D', 'Bote con rebustez de acople', 1031, 2),
(755, '133717D', 'Bote con rebustez de mano', 137.56, 2),
(756, '133718P', 'Bote con rebustez para microperforar', 1362.25, 2),
(757, '133719P', 'Bote con rebustez para rotular', 191.93, 1),
(758, '133720D', 'Bote con rebustez de ajuste rápido', 765.38, 2),
(759, '133721D', 'Bote con rebustez de ajuste simétrico', 831.22, 3),
(760, '133722D', 'Bote con rebustez de ajuste parcial', 800.88, 2),
(761, '133724D', 'Bote con agarre de emergencia', 1831.53, 1),
(762, '133725D', 'Bote con agarre de repuesto', 1258.78, 1),
(763, '133726D', 'Bote con agarre de paso', 588.19, 3),
(764, '133727D', 'Bote con agarre de acople', 1075.98, 1),
(765, '133728D', 'Bote con agarre de mano', 1611.32, 2),
(766, '133729P', 'Bote con agarre para microperforar', 251.69, 3),
(767, '133730P', 'Bote con agarre para rotular', 1774.17, 2),
(768, '133731D', 'Bote con agarre de ajuste rápido', 809.98, 1),
(769, '133732D', 'Bote con agarre de ajuste simétrico', 1908.74, 2),
(770, '133733D', 'Bote con agarre de ajuste parcial', 129.26, 3),
(771, '133735D', 'Bote cicloidal de emergencia', 1385.48, 2),
(772, '133736D', 'Bote cicloidal de repuesto', 1963, 2),
(773, '133737D', 'Bote cicloidal de paso', 193.5, 1),
(774, '133738D', 'Bote cicloidal de acople', 747.6, 3),
(775, '133739D', 'Bote cicloidal de mano', 946.24, 2),
(776, '133740P', 'Bote cicloidal para microperforar', 788.66, 3),
(777, '133741P', 'Bote cicloidal para rotular', 839.76, 2),
(778, '133742D', 'Bote cicloidal de ajuste rápido', 1827.1, 1),
(779, '133743D', 'Bote cicloidal de ajuste simétrico', 1986.8, 2),
(780, '133744D', 'Bote cicloidal de ajuste parcial', 79.2, 2),
(781, '143746D', 'Bote modal de emergencia', 708.23, 2),
(782, '143747D', 'Bote modal de repuesto', 1621.8, 3),
(783, '143748D', 'Bote modal de paso', 1155.64, 2),
(784, '143749D', 'Bote modal de acople', 114.53, 3),
(785, '143750D', 'Bote modal de mano', 197.12, 3),
(786, '143751P', 'Bote modal para microperforar', 1822.32, 2),
(787, '143752P', 'Bote modal para rotular', 1736.72, 2),
(788, '143753D', 'Bote modal de ajuste rápido', 673.75, 1),
(789, '143754D', 'Bote modal de ajuste simétrico', 1575.78, 2),
(790, '143755D', 'Bote modal de ajuste parcial', 1199.1, 3),
(791, '138757D', 'Bote helicoidal de emergencia', 1979.78, 2),
(792, '138758D', 'Bote helicoidal de repuesto', 1159.24, 2),
(793, '138759D', 'Bote helicoidal de paso', 1649.37, 1),
(794, '138760D', 'Bote helicoidal de acople', 63.77, 1),
(795, '138761D', 'Bote helicoidal de mano', 197.75, 2),
(796, '138762P', 'Bote helicoidal para microperforar', 1517.17, 3),
(797, '138763P', 'Bote helicoidal para rotular', 884.28, 3),
(798, '138764D', 'Bote helicoidal de ajuste rápido', 1425.16, 3),
(799, '138765D', 'Bote helicoidal de ajuste simétrico', 1714.4, 3),
(800, '138766D', 'Bote helicoidal de ajuste parcial', 1897.54, 3),
(801, '143768D', 'Bote monocapa de emergencia', 681.2, 1),
(802, '143769D', 'Bote monocapa de repuesto', 1759.1, 1),
(803, '143770D', 'Bote monocapa de paso', 1008.2, 2),
(804, '143771D', 'Bote monocapa de acople', 1510.72, 3),
(805, '143772D', 'Bote monocapa de mano', 252.54, 3),
(806, '143773P', 'Bote monocapa para microperforar', 1189.34, 2),
(807, '143774P', 'Bote monocapa para rotular', 1778.74, 2),
(808, '143775D', 'Bote monocapa de ajuste rápido', 1653.28, 1),
(809, '143776D', 'Bote monocapa de ajuste simétrico', 1072.22, 2),
(810, '143777D', 'Bote monocapa de ajuste parcial', 256.42, 2);
INSERT INTO `producto` (`id`, `codigo`, `descripcion`, `precio`, `id_tipoproducto`) VALUES
(811, '142780D', 'Manivela auxiliar de emergencia', 1882.44, 1),
(812, '142781D', 'Manivela auxiliar de repuesto', 479.16, 2),
(813, '142782D', 'Manivela auxiliar de paso', 521.73, 2),
(814, '142783D', 'Manivela auxiliar de acople', 1623.56, 1),
(815, '142784D', 'Manivela auxiliar de mano', 370.86, 2),
(816, '142785P', 'Manivela auxiliar para microperforar', 1956.34, 1),
(817, '142786P', 'Manivela auxiliar para rotular', 1542.14, 1),
(818, '142787D', 'Manivela auxiliar de ajuste rápido', 1689.28, 2),
(819, '142788D', 'Manivela auxiliar de ajuste simétrico', 1635.73, 2),
(820, '142789D', 'Manivela auxiliar de ajuste parcial', 1508.88, 1),
(821, '154791D', 'Manivela manual de emergencia', 1455.25, 1),
(822, '154792D', 'Manivela manual de repuesto', 491.43, 1),
(823, '154793D', 'Manivela manual de paso', 115.61, 3),
(824, '154794D', 'Manivela manual de acople', 277.14, 2),
(825, '154795D', 'Manivela manual de mano', 1110.72, 1),
(826, '154796P', 'Manivela manual para microperforar', 899.5, 3),
(827, '154797P', 'Manivela manual para rotular', 1129.35, 1),
(828, '154798D', 'Manivela manual de ajuste rápido', 271.62, 2),
(829, '154799D', 'Manivela manual de ajuste simétrico', 345.15, 2),
(830, '154800D', 'Manivela manual de ajuste parcial', 1271.26, 2),
(831, '144802D', 'Manivela con rodadura de emergencia', 655.9, 2),
(832, '144803D', 'Manivela con rodadura de repuesto', 1812.68, 1),
(833, '144804D', 'Manivela con rodadura de paso', 1902.9, 1),
(834, '144805D', 'Manivela con rodadura de acople', 1086.43, 1),
(835, '144806D', 'Manivela con rodadura de mano', 1569.43, 2),
(836, '144807P', 'Manivela con rodadura para microperforar', 305.33, 3),
(837, '144808P', 'Manivela con rodadura para rotular', 1192.35, 3),
(838, '144809D', 'Manivela con rodadura de ajuste rápido', 683.8, 2),
(839, '144810D', 'Manivela con rodadura de ajuste simétrico', 1038.64, 1),
(840, '144811D', 'Manivela con rodadura de ajuste parcial', 839.18, 1),
(841, '144813D', 'Manivela con presión de emergencia', 1433.52, 2),
(842, '144814D', 'Manivela con presión de repuesto', 333.14, 3),
(843, '144815D', 'Manivela con presión de paso', 1007.87, 2),
(844, '144816D', 'Manivela con presión de acople', 686.61, 3),
(845, '144817D', 'Manivela con presión de mano', 1850.56, 2),
(846, '144818P', 'Manivela con presión para microperforar', 43.31, 3),
(847, '144819P', 'Manivela con presión para rotular', 1713.24, 2),
(848, '144820D', 'Manivela con presión de ajuste rápido', 89.17, 3),
(849, '144821D', 'Manivela con presión de ajuste simétrico', 1363.6, 2),
(850, '144822D', 'Manivela con presión de ajuste parcial', 251.33, 1),
(851, '144824D', 'Manivela con rebustez de emergencia', 1079.95, 3),
(852, '144825D', 'Manivela con rebustez de repuesto', 397.11, 3),
(853, '144826D', 'Manivela con rebustez de paso', 953.1, 2),
(854, '144827D', 'Manivela con rebustez de acople', 1829.75, 2),
(855, '144828D', 'Manivela con rebustez de mano', 917.47, 2),
(856, '144829P', 'Manivela con rebustez para microperforar', 753.49, 3),
(857, '144830P', 'Manivela con rebustez para rotular', 1304.47, 3),
(858, '144831D', 'Manivela con rebustez de ajuste rápido', 338.77, 3),
(859, '144832D', 'Manivela con rebustez de ajuste simétrico', 1874.58, 1),
(860, '144833D', 'Manivela con rebustez de ajuste parcial', 1077.43, 1),
(861, '144835D', 'Manivela con agarre de emergencia', 196.1, 2),
(862, '144836D', 'Manivela con agarre de repuesto', 1280.3, 3),
(863, '144837D', 'Manivela con agarre de paso', 971.8, 3),
(864, '144838D', 'Manivela con agarre de acople', 722.66, 3),
(865, '144839D', 'Manivela con agarre de mano', 834.85, 2),
(866, '144840P', 'Manivela con agarre para microperforar', 476.13, 3),
(867, '144841P', 'Manivela con agarre para rotular', 613.44, 1),
(868, '144842D', 'Manivela con agarre de ajuste rápido', 1955.76, 3),
(869, '144843D', 'Manivela con agarre de ajuste simétrico', 552.89, 1),
(870, '144844D', 'Manivela con agarre de ajuste parcial', 1226.25, 1),
(871, '144846D', 'Manivela cicloidal de emergencia', 395.82, 3),
(872, '144847D', 'Manivela cicloidal de repuesto', 1397.78, 1),
(873, '144848D', 'Manivela cicloidal de paso', 409.48, 2),
(874, '144849D', 'Manivela cicloidal de acople', 1684.44, 3),
(875, '144850D', 'Manivela cicloidal de mano', 14.77, 2),
(876, '144851P', 'Manivela cicloidal para microperforar', 437.13, 3),
(877, '144852P', 'Manivela cicloidal para rotular', 922.94, 1),
(878, '144853D', 'Manivela cicloidal de ajuste rápido', 42.64, 3),
(879, '144854D', 'Manivela cicloidal de ajuste simétrico', 328.21, 3),
(880, '144855D', 'Manivela cicloidal de ajuste parcial', 1445.15, 2),
(881, '154857D', 'Manivela modal de emergencia', 580.8, 2),
(882, '154858D', 'Manivela modal de repuesto', 1342.6, 3),
(883, '154859D', 'Manivela modal de paso', 1733.57, 2),
(884, '154860D', 'Manivela modal de acople', 1155.33, 1),
(885, '154861D', 'Manivela modal de mano', 484.37, 2),
(886, '154862P', 'Manivela modal para microperforar', 1431.44, 3),
(887, '154863P', 'Manivela modal para rotular', 1514.6, 2),
(888, '154864D', 'Manivela modal de ajuste rápido', 1873.4, 2),
(889, '154865D', 'Manivela modal de ajuste simétrico', 485.13, 2),
(890, '154866D', 'Manivela modal de ajuste parcial', 1168.7, 2),
(891, '149868D', 'Manivela helicoidal de emergencia', 1495.64, 3),
(892, '149869D', 'Manivela helicoidal de repuesto', 524.82, 1),
(893, '149870D', 'Manivela helicoidal de paso', 1028.27, 3),
(894, '149871D', 'Manivela helicoidal de acople', 644.62, 2),
(895, '149872D', 'Manivela helicoidal de mano', 428.91, 3),
(896, '149873P', 'Manivela helicoidal para microperforar', 296.97, 1),
(897, '149874P', 'Manivela helicoidal para rotular', 151.93, 3),
(898, '149875D', 'Manivela helicoidal de ajuste rápido', 1135.7, 2),
(899, '149876D', 'Manivela helicoidal de ajuste simétrico', 1904.3, 2),
(900, '149877D', 'Manivela helicoidal de ajuste parcial', 1231.25, 2),
(901, '154879D', 'Manivela monocapa de emergencia', 1359.58, 3),
(902, '154880D', 'Manivela monocapa de repuesto', 892.89, 2),
(903, '154881D', 'Manivela monocapa de paso', 548.54, 1),
(904, '154882D', 'Manivela monocapa de acople', 1419.34, 3),
(905, '154883D', 'Manivela monocapa de mano', 479.86, 1),
(906, '154884P', 'Manivela monocapa para microperforar', 1590.76, 2),
(907, '154885P', 'Manivela monocapa para rotular', 1840.54, 1),
(908, '154886D', 'Manivela monocapa de ajuste rápido', 1808.87, 3),
(909, '154887D', 'Manivela monocapa de ajuste simétrico', 276.5, 3),
(910, '154888D', 'Manivela monocapa de ajuste parcial', 1692.76, 1),
(911, '145891D', 'Pasante auxiliar de emergencia', 279.86, 1),
(912, '145892D', 'Pasante auxiliar de repuesto', 1424.72, 2),
(913, '145893D', 'Pasante auxiliar de paso', 467.64, 2),
(914, '145894D', 'Pasante auxiliar de acople', 75.61, 2),
(915, '145895D', 'Pasante auxiliar de mano', 1782.21, 1),
(916, '145896P', 'Pasante auxiliar para microperforar', 1616.94, 3),
(917, '145897P', 'Pasante auxiliar para rotular', 133.96, 1),
(918, '145898D', 'Pasante auxiliar de ajuste rápido', 1805.69, 2),
(919, '145899D', 'Pasante auxiliar de ajuste simétrico', 1569.13, 3),
(920, '145900D', 'Pasante auxiliar de ajuste parcial', 1566.65, 2),
(921, '157902D', 'Pasante manual de emergencia', 1710.75, 3),
(922, '157903D', 'Pasante manual de repuesto', 565.42, 3),
(923, '157904D', 'Pasante manual de paso', 1733.47, 1),
(924, '157905D', 'Pasante manual de acople', 1876.1, 2),
(925, '157906D', 'Pasante manual de mano', 1600.64, 3),
(926, '157907P', 'Pasante manual para microperforar', 1316.48, 2),
(927, '157908P', 'Pasante manual para rotular', 1253.63, 3),
(928, '157909D', 'Pasante manual de ajuste rápido', 278.21, 2),
(929, '157910D', 'Pasante manual de ajuste simétrico', 179.9, 1),
(930, '157911D', 'Pasante manual de ajuste parcial', 1231.28, 3),
(931, '147913D', 'Pasante con rodadura de emergencia', 277.16, 3),
(932, '147914D', 'Pasante con rodadura de repuesto', 1091.51, 3),
(933, '147915D', 'Pasante con rodadura de paso', 388.2, 2),
(934, '147916D', 'Pasante con rodadura de acople', 248.13, 2),
(935, '147917D', 'Pasante con rodadura de mano', 1252.4, 3),
(936, '147918P', 'Pasante con rodadura para microperforar', 5.21, 2),
(937, '147919P', 'Pasante con rodadura para rotular', 1485.46, 1),
(938, '147920D', 'Pasante con rodadura de ajuste rápido', 1923.49, 2),
(939, '147921D', 'Pasante con rodadura de ajuste simétrico', 629.72, 2),
(940, '147922D', 'Pasante con rodadura de ajuste parcial', 1866.72, 2),
(941, '147924D', 'Pasante con presión de emergencia', 1570.54, 1),
(942, '147925D', 'Pasante con presión de repuesto', 1797.1, 3),
(943, '147926D', 'Pasante con presión de paso', 1327.91, 3),
(944, '147927D', 'Pasante con presión de acople', 1136.5, 1),
(945, '147928D', 'Pasante con presión de mano', 1534.67, 1),
(946, '147929P', 'Pasante con presión para microperforar', 1684.68, 3),
(947, '147930P', 'Pasante con presión para rotular', 231.52, 3),
(948, '147931D', 'Pasante con presión de ajuste rápido', 1836.38, 2),
(949, '147932D', 'Pasante con presión de ajuste simétrico', 1032.58, 3),
(950, '147933D', 'Pasante con presión de ajuste parcial', 1321.68, 2),
(951, '147935D', 'Pasante con rebustez de emergencia', 1813.8, 2),
(952, '147936D', 'Pasante con rebustez de repuesto', 1210.11, 1),
(953, '147937D', 'Pasante con rebustez de paso', 1706.46, 1),
(954, '147938D', 'Pasante con rebustez de acople', 594.8, 1),
(955, '147939D', 'Pasante con rebustez de mano', 1671.97, 1),
(956, '147940P', 'Pasante con rebustez para microperforar', 1281.75, 3),
(957, '147941P', 'Pasante con rebustez para rotular', 1782.3, 2),
(958, '147942D', 'Pasante con rebustez de ajuste rápido', 247.53, 1),
(959, '147943D', 'Pasante con rebustez de ajuste simétrico', 1364.96, 1),
(960, '147944D', 'Pasante con rebustez de ajuste parcial', 1583.41, 3),
(961, '147946D', 'Pasante con agarre de emergencia', 1846.8, 3),
(962, '147947D', 'Pasante con agarre de repuesto', 200.22, 2),
(963, '147948D', 'Pasante con agarre de paso', 1708.2, 1),
(964, '147949D', 'Pasante con agarre de acople', 1039.13, 1),
(965, '147950D', 'Pasante con agarre de mano', 1998, 2),
(966, '147951P', 'Pasante con agarre para microperforar', 644.27, 1),
(967, '147952P', 'Pasante con agarre para rotular', 1767.86, 2),
(968, '147953D', 'Pasante con agarre de ajuste rápido', 638.78, 3),
(969, '147954D', 'Pasante con agarre de ajuste simétrico', 1456.93, 1),
(970, '147955D', 'Pasante con agarre de ajuste parcial', 39, 1),
(971, '147957D', 'Pasante cicloidal de emergencia', 1105.8, 3),
(972, '147958D', 'Pasante cicloidal de repuesto', 1362.54, 2),
(973, '147959D', 'Pasante cicloidal de paso', 1086.5, 1),
(974, '147960D', 'Pasante cicloidal de acople', 1827.9, 1),
(975, '147961D', 'Pasante cicloidal de mano', 333.27, 1),
(976, '147962P', 'Pasante cicloidal para microperforar', 1604.21, 2),
(977, '147963P', 'Pasante cicloidal para rotular', 1849.39, 1),
(978, '147964D', 'Pasante cicloidal de ajuste rápido', 1872.87, 2),
(979, '147965D', 'Pasante cicloidal de ajuste simétrico', 949.42, 1),
(980, '147966D', 'Pasante cicloidal de ajuste parcial', 648.41, 2),
(981, '157968D', 'Pasante modal de emergencia', 1260.25, 3),
(982, '157969D', 'Pasante modal de repuesto', 278.83, 2),
(983, '157970D', 'Pasante modal de paso', 924.4, 3),
(984, '157971D', 'Pasante modal de acople', 1464.67, 1),
(985, '157972D', 'Pasante modal de mano', 565.64, 1),
(986, '157973P', 'Pasante modal para microperforar', 1464.75, 2),
(987, '157974P', 'Pasante modal para rotular', 1919.63, 1),
(988, '157975D', 'Pasante modal de ajuste rápido', 1196.59, 1),
(989, '157976D', 'Pasante modal de ajuste simétrico', 89.52, 1),
(990, '157977D', 'Pasante modal de ajuste parcial', 95.46, 1),
(991, '152979D', 'Pasante helicoidal de emergencia', 1798.25, 2),
(992, '152980D', 'Pasante helicoidal de repuesto', 1584.94, 3),
(993, '152981D', 'Pasante helicoidal de paso', 514.43, 3),
(994, '152982D', 'Pasante helicoidal de acople', 372.61, 1),
(995, '152983D', 'Pasante helicoidal de mano', 575.84, 3),
(996, '152984P', 'Pasante helicoidal para microperforar', 542.6, 1),
(997, '152985P', 'Pasante helicoidal para rotular', 118.97, 3),
(998, '152986D', 'Pasante helicoidal de ajuste rápido', 1154.73, 1),
(999, '152987D', 'Pasante helicoidal de ajuste simétrico', 364.88, 1),
(1000, '152988D', 'Pasante helicoidal de ajuste parcial', 700.56, 1),
(1001, '157990D', 'Pasante monocapa de emergencia', 1811.78, 2),
(1002, '157991D', 'Pasante monocapa de repuesto', 264.68, 1),
(1003, '157992D', 'Pasante monocapa de paso', 143.72, 3),
(1004, '157993D', 'Pasante monocapa de acople', 207.75, 3),
(1005, '157994D', 'Pasante monocapa de mano', 1020.33, 2),
(1006, '157995P', 'Pasante monocapa para microperforar', 1190.58, 2),
(1007, '157996P', 'Pasante monocapa para rotular', 434.29, 2),
(1008, '157997D', 'Pasante monocapa de ajuste rápido', 1641.31, 1),
(1009, '157998D', 'Pasante monocapa de ajuste simétrico', 1572.73, 1),
(1010, '157999D', 'Pasante monocapa de ajuste parcial', 661.8, 1),
(1011, '1471002D', 'Rejilla auxiliar de emergencia', 715.47, 2),
(1012, '1471003D', 'Rejilla auxiliar de repuesto', 84.1, 2),
(1013, '1471004D', 'Rejilla auxiliar de paso', 281.55, 2),
(1014, '1471005D', 'Rejilla auxiliar de acople', 773.44, 3),
(1015, '1471006D', 'Rejilla auxiliar de mano', 434.6, 2),
(1016, '1471007P', 'Rejilla auxiliar para microperforar', 592.4, 3),
(1017, '1471008P', 'Rejilla auxiliar para rotular', 1706.23, 2),
(1018, '1471009D', 'Rejilla auxiliar de ajuste rápido', 1482.79, 3),
(1019, '1471010D', 'Rejilla auxiliar de ajuste simétrico', 1184.25, 3),
(1020, '1471011D', 'Rejilla auxiliar de ajuste parcial', 1279.34, 1),
(1021, '1591013D', 'Rejilla manual de emergencia', 262.24, 3),
(1022, '1591014D', 'Rejilla manual de repuesto', 1115.98, 1),
(1023, '1591015D', 'Rejilla manual de paso', 672.18, 2),
(1024, '1591016D', 'Rejilla manual de acople', 1027.38, 2),
(1025, '1591017D', 'Rejilla manual de mano', 954.49, 1),
(1026, '1591018P', 'Rejilla manual para microperforar', 88.65, 3),
(1027, '1591019P', 'Rejilla manual para rotular', 1387.47, 1),
(1028, '1591020D', 'Rejilla manual de ajuste rápido', 1582.59, 3),
(1029, '1591021D', 'Rejilla manual de ajuste simétrico', 1965.66, 2),
(1030, '1591022D', 'Rejilla manual de ajuste parcial', 437.45, 2),
(1031, '1491024D', 'Rejilla con rodadura de emergencia', 612.47, 1),
(1032, '1491025D', 'Rejilla con rodadura de repuesto', 140.34, 3),
(1033, '1491026D', 'Rejilla con rodadura de paso', 1565.29, 1),
(1034, '1491027D', 'Rejilla con rodadura de acople', 1201.36, 3),
(1035, '1491028D', 'Rejilla con rodadura de mano', 1737.6, 1),
(1036, '1491029P', 'Rejilla con rodadura para microperforar', 222.59, 1),
(1037, '1491030P', 'Rejilla con rodadura para rotular', 1553.48, 3),
(1038, '1491031D', 'Rejilla con rodadura de ajuste rápido', 1187.37, 2),
(1039, '1491032D', 'Rejilla con rodadura de ajuste simétrico', 895.1, 2),
(1040, '1491033D', 'Rejilla con rodadura de ajuste parcial', 935.7, 2),
(1041, '1491035D', 'Rejilla con presión de emergencia', 923.33, 2),
(1042, '1491036D', 'Rejilla con presión de repuesto', 142.15, 1),
(1043, '1491037D', 'Rejilla con presión de paso', 1155.9, 2),
(1044, '1491038D', 'Rejilla con presión de acople', 1466.64, 3),
(1045, '1491039D', 'Rejilla con presión de mano', 1427.5, 1),
(1046, '1491040P', 'Rejilla con presión para microperforar', 1103.68, 2),
(1047, '1491041P', 'Rejilla con presión para rotular', 841.22, 2),
(1048, '1491042D', 'Rejilla con presión de ajuste rápido', 1066.59, 1),
(1049, '1491043D', 'Rejilla con presión de ajuste simétrico', 1691.41, 1),
(1050, '1491044D', 'Rejilla con presión de ajuste parcial', 652.16, 2),
(1051, '1491046D', 'Rejilla con rebustez de emergencia', 1377.96, 1),
(1052, '1491047D', 'Rejilla con rebustez de repuesto', 354.83, 3),
(1053, '1491048D', 'Rejilla con rebustez de paso', 701.24, 1),
(1054, '1491049D', 'Rejilla con rebustez de acople', 1803.35, 2),
(1055, '1491050D', 'Rejilla con rebustez de mano', 1997.35, 2),
(1056, '1491051P', 'Rejilla con rebustez para microperforar', 1435.6, 1),
(1057, '1491052P', 'Rejilla con rebustez para rotular', 1423.14, 1),
(1058, '1491053D', 'Rejilla con rebustez de ajuste rápido', 1030.25, 1),
(1059, '1491054D', 'Rejilla con rebustez de ajuste simétrico', 1557.3, 2),
(1060, '1491055D', 'Rejilla con rebustez de ajuste parcial', 217.62, 3),
(1061, '1491057D', 'Rejilla con agarre de emergencia', 333.1, 2),
(1062, '1491058D', 'Rejilla con agarre de repuesto', 583.51, 3),
(1063, '1491059D', 'Rejilla con agarre de paso', 1522.95, 3),
(1064, '1491060D', 'Rejilla con agarre de acople', 1629.7, 2),
(1065, '1491061D', 'Rejilla con agarre de mano', 1159.19, 2),
(1066, '1491062P', 'Rejilla con agarre para microperforar', 1740.92, 1),
(1067, '1491063P', 'Rejilla con agarre para rotular', 1575.52, 1),
(1068, '1491064D', 'Rejilla con agarre de ajuste rápido', 68.67, 3),
(1069, '1491065D', 'Rejilla con agarre de ajuste simétrico', 1471.71, 1),
(1070, '1491066D', 'Rejilla con agarre de ajuste parcial', 1352.32, 2),
(1071, '1491068D', 'Rejilla cicloidal de emergencia', 745.74, 3),
(1072, '1491069D', 'Rejilla cicloidal de repuesto', 108.15, 1),
(1073, '1491070D', 'Rejilla cicloidal de paso', 1032.15, 2),
(1074, '1491071D', 'Rejilla cicloidal de acople', 295.87, 2),
(1075, '1491072D', 'Rejilla cicloidal de mano', 339.43, 3),
(1076, '1491073P', 'Rejilla cicloidal para microperforar', 1607.93, 1),
(1077, '1491074P', 'Rejilla cicloidal para rotular', 778.88, 2),
(1078, '1491075D', 'Rejilla cicloidal de ajuste rápido', 902.22, 1),
(1079, '1491076D', 'Rejilla cicloidal de ajuste simétrico', 1393.68, 3),
(1080, '1491077D', 'Rejilla cicloidal de ajuste parcial', 655.7, 2),
(1081, '1591079D', 'Rejilla modal de emergencia', 1734.89, 1),
(1082, '1591080D', 'Rejilla modal de repuesto', 666.32, 3),
(1083, '1591081D', 'Rejilla modal de paso', 1983.25, 2),
(1084, '1591082D', 'Rejilla modal de acople', 1065.46, 2),
(1085, '1591083D', 'Rejilla modal de mano', 664.67, 1),
(1086, '1591084P', 'Rejilla modal para microperforar', 254.57, 1),
(1087, '1591085P', 'Rejilla modal para rotular', 1208.92, 1),
(1088, '1591086D', 'Rejilla modal de ajuste rápido', 885.34, 1),
(1089, '1591087D', 'Rejilla modal de ajuste simétrico', 1746.53, 1),
(1090, '1591088D', 'Rejilla modal de ajuste parcial', 689, 3),
(1091, '1541090D', 'Rejilla helicoidal de emergencia', 1323.6, 1),
(1092, '1541091D', 'Rejilla helicoidal de repuesto', 112.73, 1),
(1093, '1541092D', 'Rejilla helicoidal de paso', 632.2, 2),
(1094, '1541093D', 'Rejilla helicoidal de acople', 376.64, 1),
(1095, '1541094D', 'Rejilla helicoidal de mano', 1350.45, 3),
(1096, '1541095P', 'Rejilla helicoidal para microperforar', 58.69, 1),
(1097, '1541096P', 'Rejilla helicoidal para rotular', 784.32, 1),
(1098, '1541097D', 'Rejilla helicoidal de ajuste rápido', 367.94, 2),
(1099, '1541098D', 'Rejilla helicoidal de ajuste simétrico', 1748.59, 1),
(1100, '1541099D', 'Rejilla helicoidal de ajuste parcial', 1122.77, 1),
(1101, '1591101D', 'Rejilla monocapa de emergencia', 1808.75, 1),
(1102, '1591102D', 'Rejilla monocapa de repuesto', 503.7, 2),
(1103, '1591103D', 'Rejilla monocapa de paso', 1828.52, 3),
(1104, '1591104D', 'Rejilla monocapa de acople', 1911.9, 2),
(1105, '1591105D', 'Rejilla monocapa de mano', 795.72, 1),
(1106, '1591106P', 'Rejilla monocapa para microperforar', 1885.9, 2),
(1107, '1591107P', 'Rejilla monocapa para rotular', 218.6, 3),
(1108, '1591108D', 'Rejilla monocapa de ajuste rápido', 840.58, 3),
(1109, '1591109D', 'Rejilla monocapa de ajuste simétrico', 163.37, 2),
(1110, '1591110D', 'Rejilla monocapa de ajuste parcial', 1721.94, 1),
(1111, '1491113D', 'Torno auxiliar de emergencia', 267.63, 2),
(1112, '1491114D', 'Torno auxiliar de repuesto', 625.23, 1),
(1113, '1491115D', 'Torno auxiliar de paso', 1326.82, 2),
(1114, '1491116D', 'Torno auxiliar de acople', 1789.5, 1),
(1115, '1491117D', 'Torno auxiliar de mano', 1157.29, 3),
(1116, '1491118P', 'Torno auxiliar para microperforar', 982.26, 3),
(1117, '1491119P', 'Torno auxiliar para rotular', 1292.76, 3),
(1118, '1491120D', 'Torno auxiliar de ajuste rápido', 891.77, 2),
(1119, '1491121D', 'Torno auxiliar de ajuste simétrico', 700.82, 2),
(1120, '1491122D', 'Torno auxiliar de ajuste parcial', 1619.98, 2),
(1121, '1611124D', 'Torno manual de emergencia', 1760.3, 1),
(1122, '1611125D', 'Torno manual de repuesto', 230.12, 3),
(1123, '1611126D', 'Torno manual de paso', 931.16, 2),
(1124, '1611127D', 'Torno manual de acople', 1631.64, 1),
(1125, '1611128D', 'Torno manual de mano', 617.18, 1),
(1126, '1611129P', 'Torno manual para microperforar', 650.53, 2),
(1127, '1611130P', 'Torno manual para rotular', 1576.35, 3),
(1128, '1611131D', 'Torno manual de ajuste rápido', 1716.98, 3),
(1129, '1611132D', 'Torno manual de ajuste simétrico', 1190.91, 2),
(1130, '1611133D', 'Torno manual de ajuste parcial', 1023.19, 3),
(1131, '1511135D', 'Torno con rodadura de emergencia', 392.82, 1),
(1132, '1511136D', 'Torno con rodadura de repuesto', 601.22, 3),
(1133, '1511137D', 'Torno con rodadura de paso', 759.61, 3),
(1134, '1511138D', 'Torno con rodadura de acople', 625.38, 3),
(1135, '1511139D', 'Torno con rodadura de mano', 1102.87, 1),
(1136, '1511140P', 'Torno con rodadura para microperforar', 334.58, 2),
(1137, '1511141P', 'Torno con rodadura para rotular', 1732.54, 2),
(1138, '1511142D', 'Torno con rodadura de ajuste rápido', 507.28, 2),
(1139, '1511143D', 'Torno con rodadura de ajuste simétrico', 1585.51, 2),
(1140, '1511144D', 'Torno con rodadura de ajuste parcial', 520.9, 1),
(1141, '1511146D', 'Torno con presión de emergencia', 1048.41, 1),
(1142, '1511147D', 'Torno con presión de repuesto', 490.44, 2),
(1143, '1511148D', 'Torno con presión de paso', 756.42, 3),
(1144, '1511149D', 'Torno con presión de acople', 989, 1),
(1145, '1511150D', 'Torno con presión de mano', 1478.3, 3),
(1146, '1511151P', 'Torno con presión para microperforar', 164.98, 3),
(1147, '1511152P', 'Torno con presión para rotular', 195.9, 1),
(1148, '1511153D', 'Torno con presión de ajuste rápido', 1032.44, 2),
(1149, '1511154D', 'Torno con presión de ajuste simétrico', 864.68, 3),
(1150, '1511155D', 'Torno con presión de ajuste parcial', 528.87, 3),
(1151, '1511157D', 'Torno con rebustez de emergencia', 836.22, 2),
(1152, '1511158D', 'Torno con rebustez de repuesto', 915.4, 3),
(1153, '1511159D', 'Torno con rebustez de paso', 746.45, 1),
(1154, '1511160D', 'Torno con rebustez de acople', 862.9, 1),
(1155, '1511161D', 'Torno con rebustez de mano', 1559.2, 3),
(1156, '1511162P', 'Torno con rebustez para microperforar', 1628.95, 3),
(1157, '1511163P', 'Torno con rebustez para rotular', 1995.5, 1),
(1158, '1511164D', 'Torno con rebustez de ajuste rápido', 1518.6, 2),
(1159, '1511165D', 'Torno con rebustez de ajuste simétrico', 926.15, 3),
(1160, '1511166D', 'Torno con rebustez de ajuste parcial', 1283.48, 1),
(1161, '1511168D', 'Torno con agarre de emergencia', 1393.4, 3),
(1162, '1511169D', 'Torno con agarre de repuesto', 746.95, 1),
(1163, '1511170D', 'Torno con agarre de paso', 165.33, 2),
(1164, '1511171D', 'Torno con agarre de acople', 1968.27, 3),
(1165, '1511172D', 'Torno con agarre de mano', 1621.1, 2),
(1166, '1511173P', 'Torno con agarre para microperforar', 1624.53, 2),
(1167, '1511174P', 'Torno con agarre para rotular', 1508.17, 3),
(1168, '1511175D', 'Torno con agarre de ajuste rápido', 1320.41, 1),
(1169, '1511176D', 'Torno con agarre de ajuste simétrico', 1508.47, 1),
(1170, '1511177D', 'Torno con agarre de ajuste parcial', 548.68, 3),
(1171, '1511179D', 'Torno cicloidal de emergencia', 440.57, 3),
(1172, '1511180D', 'Torno cicloidal de repuesto', 230.27, 2),
(1173, '1511181D', 'Torno cicloidal de paso', 710.64, 2),
(1174, '1511182D', 'Torno cicloidal de acople', 679.34, 2),
(1175, '1511183D', 'Torno cicloidal de mano', 1447.98, 2),
(1176, '1511184P', 'Torno cicloidal para microperforar', 1852.22, 3),
(1177, '1511185P', 'Torno cicloidal para rotular', 480.55, 1),
(1178, '1511186D', 'Torno cicloidal de ajuste rápido', 1204.41, 3),
(1179, '1511187D', 'Torno cicloidal de ajuste simétrico', 967.14, 3),
(1180, '1511188D', 'Torno cicloidal de ajuste parcial', 542.77, 2),
(1181, '1611190D', 'Torno modal de emergencia', 1489.17, 2),
(1182, '1611191D', 'Torno modal de repuesto', 1172.66, 3),
(1183, '1611192D', 'Torno modal de paso', 315.69, 3),
(1184, '1611193D', 'Torno modal de acople', 822.98, 3),
(1185, '1611194D', 'Torno modal de mano', 1555.89, 2),
(1186, '1611195P', 'Torno modal para microperforar', 1384.47, 3),
(1187, '1611196P', 'Torno modal para rotular', 699.78, 3),
(1188, '1611197D', 'Torno modal de ajuste rápido', 95.73, 3),
(1189, '1611198D', 'Torno modal de ajuste simétrico', 1026.69, 3),
(1190, '1611199D', 'Torno modal de ajuste parcial', 849.79, 3),
(1191, '1561201D', 'Torno helicoidal de emergencia', 31.8, 2),
(1192, '1561202D', 'Torno helicoidal de repuesto', 714.73, 2),
(1193, '1561203D', 'Torno helicoidal de paso', 1559.95, 2),
(1194, '1561204D', 'Torno helicoidal de acople', 1661.92, 3),
(1195, '1561205D', 'Torno helicoidal de mano', 1187.27, 2),
(1196, '1561206P', 'Torno helicoidal para microperforar', 477.5, 2),
(1197, '1561207P', 'Torno helicoidal para rotular', 193.2, 2),
(1198, '1561208D', 'Torno helicoidal de ajuste rápido', 1801.26, 2),
(1199, '1561209D', 'Torno helicoidal de ajuste simétrico', 998.87, 2),
(1200, '1561210D', 'Torno helicoidal de ajuste parcial', 1012.31, 2),
(1201, '1611212D', 'Torno monocapa de emergencia', 1430.38, 1),
(1202, '1611213D', 'Torno monocapa de repuesto', 1007.77, 1),
(1203, '1611214D', 'Torno monocapa de paso', 14.87, 2),
(1204, '1611215D', 'Torno monocapa de acople', 481.26, 1),
(1205, '1611216D', 'Torno monocapa de mano', 1861.3, 3),
(1206, '1611217P', 'Torno monocapa para microperforar', 1138, 1),
(1207, '1611218P', 'Torno monocapa para rotular', 681.23, 2),
(1208, '1611219D', 'Torno monocapa de ajuste rápido', 362.48, 2),
(1209, '1611220D', 'Torno monocapa de ajuste simétrico', 1715.48, 1),
(1210, '1611221D', 'Torno monocapa de ajuste parcial', 808.96, 1),
(1211, '1301224D', 'Accionamiento auxiliar de emergencia', 770.89, 3),
(1212, '1301225D', 'Accionamiento auxiliar de repuesto', 642.6, 2),
(1213, '1301226D', 'Accionamiento auxiliar de paso', 109.19, 1),
(1214, '1301227D', 'Accionamiento auxiliar de acople', 280.3, 3),
(1215, '1301228D', 'Accionamiento auxiliar de mano', 1666.3, 1),
(1216, '1301229P', 'Accionamiento auxiliar para microperforar', 1138.11, 1),
(1217, '1301230P', 'Accionamiento auxiliar para rotular', 1700.42, 3),
(1218, '1301231D', 'Accionamiento auxiliar de ajuste rápido', 1146.12, 1),
(1219, '1301232D', 'Accionamiento auxiliar de ajuste simétrico', 1177.34, 2),
(1220, '1301233D', 'Accionamiento auxiliar de ajuste parcial', 1768.25, 3),
(1221, '1421235D', 'Accionamiento manual de emergencia', 228.9, 2),
(1222, '1421236D', 'Accionamiento manual de repuesto', 1496.29, 2),
(1223, '1421237D', 'Accionamiento manual de paso', 1619.35, 2),
(1224, '1421238D', 'Accionamiento manual de acople', 944.51, 3),
(1225, '1421239D', 'Accionamiento manual de mano', 1520.33, 3),
(1226, '1421240P', 'Accionamiento manual para microperforar', 1663.28, 1),
(1227, '1421241P', 'Accionamiento manual para rotular', 453.14, 3),
(1228, '1421242D', 'Accionamiento manual de ajuste rápido', 921.39, 1),
(1229, '1421243D', 'Accionamiento manual de ajuste simétrico', 337.63, 2),
(1230, '1421244D', 'Accionamiento manual de ajuste parcial', 1610.28, 2),
(1231, '1321246D', 'Accionamiento con rodadura de emergencia', 1288.23, 1),
(1232, '1321247D', 'Accionamiento con rodadura de repuesto', 1612.3, 2),
(1233, '1321248D', 'Accionamiento con rodadura de paso', 574.13, 1),
(1234, '1321249D', 'Accionamiento con rodadura de acople', 512.96, 1),
(1235, '1321250D', 'Accionamiento con rodadura de mano', 931.12, 1),
(1236, '1321251P', 'Accionamiento con rodadura para microperforar', 1173.15, 1),
(1237, '1321252P', 'Accionamiento con rodadura para rotular', 477.22, 1),
(1238, '1321253D', 'Accionamiento con rodadura de ajuste rápido', 1907.41, 1),
(1239, '1321254D', 'Accionamiento con rodadura de ajuste simétrico', 706.85, 2),
(1240, '1321255D', 'Accionamiento con rodadura de ajuste parcial', 1058.3, 2),
(1241, '1321257D', 'Accionamiento con presión de emergencia', 1371.77, 3),
(1242, '1321258D', 'Accionamiento con presión de repuesto', 1229.34, 1),
(1243, '1321259D', 'Accionamiento con presión de paso', 216.17, 2),
(1244, '1321260D', 'Accionamiento con presión de acople', 546.59, 3),
(1245, '1321261D', 'Accionamiento con presión de mano', 1315.48, 1),
(1246, '1321262P', 'Accionamiento con presión para microperforar', 801.46, 3),
(1247, '1321263P', 'Accionamiento con presión para rotular', 784.2, 3),
(1248, '1321264D', 'Accionamiento con presión de ajuste rápido', 1837.36, 3),
(1249, '1321265D', 'Accionamiento con presión de ajuste simétrico', 1278.23, 2),
(1250, '1321266D', 'Accionamiento con presión de ajuste parcial', 213.69, 1),
(1251, '1321268D', 'Accionamiento con rebustez de emergencia', 71.55, 2),
(1252, '1321269D', 'Accionamiento con rebustez de repuesto', 626.19, 2),
(1253, '1321270D', 'Accionamiento con rebustez de paso', 1007.24, 1),
(1254, '1321271D', 'Accionamiento con rebustez de acople', 365.84, 1),
(1255, '1321272D', 'Accionamiento con rebustez de mano', 1147.13, 2),
(1256, '1321273P', 'Accionamiento con rebustez para microperforar', 1707.89, 1),
(1257, '1321274P', 'Accionamiento con rebustez para rotular', 945.86, 2),
(1258, '1321275D', 'Accionamiento con rebustez de ajuste rápido', 9.46, 2),
(1259, '1321276D', 'Accionamiento con rebustez de ajuste simétrico', 1643.14, 2),
(1260, '1321277D', 'Accionamiento con rebustez de ajuste parcial', 1760.55, 3),
(1261, '1321279D', 'Accionamiento con agarre de emergencia', 1019.85, 3),
(1262, '1321280D', 'Accionamiento con agarre de repuesto', 1368.94, 1),
(1263, '1321281D', 'Accionamiento con agarre de paso', 861.75, 1),
(1264, '1321282D', 'Accionamiento con agarre de acople', 857.38, 2),
(1265, '1321283D', 'Accionamiento con agarre de mano', 369.3, 2),
(1266, '1321284P', 'Accionamiento con agarre para microperforar', 55.33, 3),
(1267, '1321285P', 'Accionamiento con agarre para rotular', 773.19, 2),
(1268, '1321286D', 'Accionamiento con agarre de ajuste rápido', 187.27, 2),
(1269, '1321287D', 'Accionamiento con agarre de ajuste simétrico', 143.54, 1),
(1270, '1321288D', 'Accionamiento con agarre de ajuste parcial', 1391.97, 3),
(1271, '1321290D', 'Accionamiento cicloidal de emergencia', 1236.73, 2),
(1272, '1321291D', 'Accionamiento cicloidal de repuesto', 447.19, 1),
(1273, '1321292D', 'Accionamiento cicloidal de paso', 1567.86, 2),
(1274, '1321293D', 'Accionamiento cicloidal de acople', 189.32, 3),
(1275, '1321294D', 'Accionamiento cicloidal de mano', 545.88, 2),
(1276, '1321295P', 'Accionamiento cicloidal para microperforar', 886.78, 3),
(1277, '1321296P', 'Accionamiento cicloidal para rotular', 1108.18, 1),
(1278, '1321297D', 'Accionamiento cicloidal de ajuste rápido', 1806.65, 2),
(1279, '1321298D', 'Accionamiento cicloidal de ajuste simétrico', 1081.82, 1),
(1280, '1321299D', 'Accionamiento cicloidal de ajuste parcial', 1192.33, 1),
(1281, '1421301D', 'Accionamiento modal de emergencia', 1595.98, 3),
(1282, '1421302D', 'Accionamiento modal de repuesto', 91.51, 1),
(1283, '1421303D', 'Accionamiento modal de paso', 1843.8, 2),
(1284, '1421304D', 'Accionamiento modal de acople', 252.6, 1),
(1285, '1421305D', 'Accionamiento modal de mano', 1899.84, 3),
(1286, '1421306P', 'Accionamiento modal para microperforar', 156.96, 2),
(1287, '1421307P', 'Accionamiento modal para rotular', 443.8, 3),
(1288, '1421308D', 'Accionamiento modal de ajuste rápido', 1389.45, 3),
(1289, '1421309D', 'Accionamiento modal de ajuste simétrico', 545.13, 2),
(1290, '1421310D', 'Accionamiento modal de ajuste parcial', 747.42, 1),
(1291, '1371312D', 'Accionamiento helicoidal de emergencia', 217.42, 2),
(1292, '1371313D', 'Accionamiento helicoidal de repuesto', 122.37, 1),
(1293, '1371314D', 'Accionamiento helicoidal de paso', 1344.44, 2),
(1294, '1371315D', 'Accionamiento helicoidal de acople', 303.4, 1),
(1295, '1371316D', 'Accionamiento helicoidal de mano', 792.26, 2),
(1296, '1371317P', 'Accionamiento helicoidal para microperforar', 1977.17, 2),
(1297, '1371318P', 'Accionamiento helicoidal para rotular', 1541.67, 3),
(1298, '1371319D', 'Accionamiento helicoidal de ajuste rápido', 1654.33, 1),
(1299, '1371320D', 'Accionamiento helicoidal de ajuste simétrico', 1446.25, 2),
(1300, '1371321D', 'Accionamiento helicoidal de ajuste parcial', 1917.2, 3),
(1301, '1421323D', 'Accionamiento monocapa de emergencia', 279.89, 3),
(1302, '1421324D', 'Accionamiento monocapa de repuesto', 1615.4, 3),
(1303, '1421325D', 'Accionamiento monocapa de paso', 1406.67, 2),
(1304, '1421326D', 'Accionamiento monocapa de acople', 636.56, 1),
(1305, '1421327D', 'Accionamiento monocapa de mano', 851.97, 1),
(1306, '1421328P', 'Accionamiento monocapa para microperforar', 1594.9, 3),
(1307, '1421329P', 'Accionamiento monocapa para rotular', 1833.86, 2),
(1308, '1421330D', 'Accionamiento monocapa de ajuste rápido', 1530.76, 2),
(1309, '1421331D', 'Accionamiento monocapa de ajuste simétrico', 1441.79, 3),
(1310, '1421332D', 'Accionamiento monocapa de ajuste parcial', 907.88, 3),
(1311, '1351335D', 'Fijación auxiliar de emergencia', 1858.13, 3),
(1312, '1351336D', 'Fijación auxiliar de repuesto', 1734.25, 2),
(1313, '1351337D', 'Fijación auxiliar de paso', 1034.88, 3),
(1314, '1351338D', 'Fijación auxiliar de acople', 1508.79, 2),
(1315, '1351339D', 'Fijación auxiliar de mano', 1873.47, 2),
(1316, '1351340P', 'Fijación auxiliar para microperforar', 1397.5, 2),
(1317, '1351341P', 'Fijación auxiliar para rotular', 590.9, 3),
(1318, '1351342D', 'Fijación auxiliar de ajuste rápido', 93.92, 1),
(1319, '1351343D', 'Fijación auxiliar de ajuste simétrico', 1333.44, 2),
(1320, '1351344D', 'Fijación auxiliar de ajuste parcial', 1404.69, 1),
(1321, '1471346D', 'Fijación manual de emergencia', 463.34, 1),
(1322, '1471347D', 'Fijación manual de repuesto', 1186.8, 2),
(1323, '1471348D', 'Fijación manual de paso', 945.7, 2),
(1324, '1471349D', 'Fijación manual de acople', 1116.71, 1),
(1325, '1471350D', 'Fijación manual de mano', 1678.96, 1),
(1326, '1471351P', 'Fijación manual para microperforar', 1681.13, 2),
(1327, '1471352P', 'Fijación manual para rotular', 844.3, 2),
(1328, '1471353D', 'Fijación manual de ajuste rápido', 314.32, 1),
(1329, '1471354D', 'Fijación manual de ajuste simétrico', 1310.13, 1),
(1330, '1471355D', 'Fijación manual de ajuste parcial', 91.54, 2),
(1331, '1371357D', 'Fijación con rodadura de emergencia', 915.42, 2),
(1332, '1371358D', 'Fijación con rodadura de repuesto', 1539.98, 3),
(1333, '1371359D', 'Fijación con rodadura de paso', 1252.67, 3),
(1334, '1371360D', 'Fijación con rodadura de acople', 1541.63, 3),
(1335, '1371361D', 'Fijación con rodadura de mano', 788.94, 1),
(1336, '1371362P', 'Fijación con rodadura para microperforar', 1626.98, 2),
(1337, '1371363P', 'Fijación con rodadura para rotular', 1623.91, 2),
(1338, '1371364D', 'Fijación con rodadura de ajuste rápido', 657.56, 2),
(1339, '1371365D', 'Fijación con rodadura de ajuste simétrico', 1510.11, 2),
(1340, '1371366D', 'Fijación con rodadura de ajuste parcial', 1239.43, 1),
(1341, '1371368D', 'Fijación con presión de emergencia', 1.68, 1),
(1342, '1371369D', 'Fijación con presión de repuesto', 1396.6, 2),
(1343, '1371370D', 'Fijación con presión de paso', 307.25, 3),
(1344, '1371371D', 'Fijación con presión de acople', 642.31, 3),
(1345, '1371372D', 'Fijación con presión de mano', 1677.8, 2),
(1346, '1371373P', 'Fijación con presión para microperforar', 1669.62, 1),
(1347, '1371374P', 'Fijación con presión para rotular', 57.59, 3),
(1348, '1371375D', 'Fijación con presión de ajuste rápido', 748.43, 2),
(1349, '1371376D', 'Fijación con presión de ajuste simétrico', 387.9, 1),
(1350, '1371377D', 'Fijación con presión de ajuste parcial', 1138.13, 3),
(1351, '1371379D', 'Fijación con rebustez de emergencia', 1185.23, 1),
(1352, '1371380D', 'Fijación con rebustez de repuesto', 1941.12, 1),
(1353, '1371381D', 'Fijación con rebustez de paso', 1516.59, 2),
(1354, '1371382D', 'Fijación con rebustez de acople', 211.23, 2),
(1355, '1371383D', 'Fijación con rebustez de mano', 645.24, 3),
(1356, '1371384P', 'Fijación con rebustez para microperforar', 412.13, 1),
(1357, '1371385P', 'Fijación con rebustez para rotular', 1120, 2),
(1358, '1371386D', 'Fijación con rebustez de ajuste rápido', 477.27, 2),
(1359, '1371387D', 'Fijación con rebustez de ajuste simétrico', 880.6, 1),
(1360, '1371388D', 'Fijación con rebustez de ajuste parcial', 293.25, 2),
(1361, '1371390D', 'Fijación con agarre de emergencia', 947.96, 3),
(1362, '1371391D', 'Fijación con agarre de repuesto', 200.92, 1),
(1363, '1371392D', 'Fijación con agarre de paso', 1942.23, 1),
(1364, '1371393D', 'Fijación con agarre de acople', 1970.74, 1),
(1365, '1371394D', 'Fijación con agarre de mano', 1420.51, 3),
(1366, '1371395P', 'Fijación con agarre para microperforar', 532.52, 3),
(1367, '1371396P', 'Fijación con agarre para rotular', 486.9, 1),
(1368, '1371397D', 'Fijación con agarre de ajuste rápido', 1036.27, 1),
(1369, '1371398D', 'Fijación con agarre de ajuste simétrico', 1426.1, 3),
(1370, '1371399D', 'Fijación con agarre de ajuste parcial', 1368.42, 2),
(1371, '1371401D', 'Fijación cicloidal de emergencia', 719.96, 2),
(1372, '1371402D', 'Fijación cicloidal de repuesto', 303.24, 3),
(1373, '1371403D', 'Fijación cicloidal de paso', 1612.24, 1),
(1374, '1371404D', 'Fijación cicloidal de acople', 1865, 1),
(1375, '1371405D', 'Fijación cicloidal de mano', 1559.66, 3),
(1376, '1371406P', 'Fijación cicloidal para microperforar', 1559.15, 2),
(1377, '1371407P', 'Fijación cicloidal para rotular', 1409.82, 1),
(1378, '1371408D', 'Fijación cicloidal de ajuste rápido', 1867.64, 1),
(1379, '1371409D', 'Fijación cicloidal de ajuste simétrico', 1152.7, 2),
(1380, '1371410D', 'Fijación cicloidal de ajuste parcial', 1937.16, 1),
(1381, '1471412D', 'Fijación modal de emergencia', 293.89, 3),
(1382, '1471413D', 'Fijación modal de repuesto', 365.38, 1),
(1383, '1471414D', 'Fijación modal de paso', 171.26, 2),
(1384, '1471415D', 'Fijación modal de acople', 834.79, 3),
(1385, '1471416D', 'Fijación modal de mano', 1225.19, 2),
(1386, '1471417P', 'Fijación modal para microperforar', 1565.87, 3),
(1387, '1471418P', 'Fijación modal para rotular', 781.41, 3),
(1388, '1471419D', 'Fijación modal de ajuste rápido', 1819.61, 2),
(1389, '1471420D', 'Fijación modal de ajuste simétrico', 253.62, 2),
(1390, '1471421D', 'Fijación modal de ajuste parcial', 692.9, 1),
(1391, '1421423D', 'Fijación helicoidal de emergencia', 1869.1, 3),
(1392, '1421424D', 'Fijación helicoidal de repuesto', 1077.63, 2),
(1393, '1421425D', 'Fijación helicoidal de paso', 1696.29, 2),
(1394, '1421426D', 'Fijación helicoidal de acople', 1216.28, 2),
(1395, '1421427D', 'Fijación helicoidal de mano', 374.68, 2),
(1396, '1421428P', 'Fijación helicoidal para microperforar', 1006.67, 1),
(1397, '1421429P', 'Fijación helicoidal para rotular', 833.26, 3),
(1398, '1421430D', 'Fijación helicoidal de ajuste rápido', 127.27, 3),
(1399, '1421431D', 'Fijación helicoidal de ajuste simétrico', 1874.24, 3),
(1400, '1421432D', 'Fijación helicoidal de ajuste parcial', 1997.25, 2),
(1401, '1471434D', 'Fijación monocapa de emergencia', 1127.66, 2),
(1402, '1471435D', 'Fijación monocapa de repuesto', 208.55, 1),
(1403, '1471436D', 'Fijación monocapa de paso', 368.7, 3),
(1404, '1471437D', 'Fijación monocapa de acople', 1358.82, 1),
(1405, '1471438D', 'Fijación monocapa de mano', 1591.76, 2),
(1406, '1471439P', 'Fijación monocapa para microperforar', 1258.64, 1),
(1407, '1471440P', 'Fijación monocapa para rotular', 1181.3, 3),
(1408, '1471441D', 'Fijación monocapa de ajuste rápido', 1467.97, 2),
(1409, '1471442D', 'Fijación monocapa de ajuste simétrico', 1409.35, 1),
(1410, '1471443D', 'Fijación monocapa de ajuste parcial', 1126.4, 3),
(1411, '1311446D', 'Bajante auxiliar de emergencia', 1295.5, 1),
(1412, '1311447D', 'Bajante auxiliar de repuesto', 1982.96, 1),
(1413, '1311448D', 'Bajante auxiliar de paso', 1976.81, 3),
(1414, '1311449D', 'Bajante auxiliar de acople', 419.5, 1),
(1415, '1311450D', 'Bajante auxiliar de mano', 1927.1, 3),
(1416, '1311451P', 'Bajante auxiliar para microperforar', 533.21, 3),
(1417, '1311452P', 'Bajante auxiliar para rotular', 1305.36, 1),
(1418, '1311453D', 'Bajante auxiliar de ajuste rápido', 464.92, 3),
(1419, '1311454D', 'Bajante auxiliar de ajuste simétrico', 1848.41, 1),
(1420, '1311455D', 'Bajante auxiliar de ajuste parcial', 1189.17, 2),
(1421, '1431457D', 'Bajante manual de emergencia', 289.23, 2),
(1422, '1431458D', 'Bajante manual de repuesto', 631.83, 1),
(1423, '1431459D', 'Bajante manual de paso', 1940.89, 3),
(1424, '1431460D', 'Bajante manual de acople', 1516.87, 3),
(1425, '1431461D', 'Bajante manual de mano', 1815.95, 2),
(1426, '1431462P', 'Bajante manual para microperforar', 1921.34, 3),
(1427, '1431463P', 'Bajante manual para rotular', 725.25, 1),
(1428, '1431464D', 'Bajante manual de ajuste rápido', 1764.45, 1),
(1429, '1431465D', 'Bajante manual de ajuste simétrico', 559.4, 2),
(1430, '1431466D', 'Bajante manual de ajuste parcial', 1091.33, 2),
(1431, '1331468D', 'Bajante con rodadura de emergencia', 1154.72, 2),
(1432, '1331469D', 'Bajante con rodadura de repuesto', 1429.98, 3),
(1433, '1331470D', 'Bajante con rodadura de paso', 1975.8, 3),
(1434, '1331471D', 'Bajante con rodadura de acople', 1321.1, 2),
(1435, '1331472D', 'Bajante con rodadura de mano', 1336.3, 3),
(1436, '1331473P', 'Bajante con rodadura para microperforar', 1248.85, 2),
(1437, '1331474P', 'Bajante con rodadura para rotular', 325.85, 3),
(1438, '1331475D', 'Bajante con rodadura de ajuste rápido', 1353.8, 2),
(1439, '1331476D', 'Bajante con rodadura de ajuste simétrico', 662.69, 2),
(1440, '1331477D', 'Bajante con rodadura de ajuste parcial', 854.42, 1),
(1441, '1331479D', 'Bajante con presión de emergencia', 140.5, 2),
(1442, '1331480D', 'Bajante con presión de repuesto', 1385.5, 1),
(1443, '1331481D', 'Bajante con presión de paso', 1822.55, 2),
(1444, '1331482D', 'Bajante con presión de acople', 1935.53, 1),
(1445, '1331483D', 'Bajante con presión de mano', 217.97, 1),
(1446, '1331484P', 'Bajante con presión para microperforar', 26.55, 2),
(1447, '1331485P', 'Bajante con presión para rotular', 1749.31, 1),
(1448, '1331486D', 'Bajante con presión de ajuste rápido', 253.77, 2),
(1449, '1331487D', 'Bajante con presión de ajuste simétrico', 1426.68, 1),
(1450, '1331488D', 'Bajante con presión de ajuste parcial', 845.86, 1),
(1451, '1331490D', 'Bajante con rebustez de emergencia', 1793.8, 1),
(1452, '1331491D', 'Bajante con rebustez de repuesto', 1867.1, 1),
(1453, '1331492D', 'Bajante con rebustez de paso', 152.75, 1),
(1454, '1331493D', 'Bajante con rebustez de acople', 1776.63, 3),
(1455, '1331494D', 'Bajante con rebustez de mano', 800.52, 2),
(1456, '1331495P', 'Bajante con rebustez para microperforar', 1558.14, 1),
(1457, '1331496P', 'Bajante con rebustez para rotular', 1590.8, 2),
(1458, '1331497D', 'Bajante con rebustez de ajuste rápido', 409.3, 1),
(1459, '1331498D', 'Bajante con rebustez de ajuste simétrico', 1394.52, 2),
(1460, '1331499D', 'Bajante con rebustez de ajuste parcial', 778.84, 3),
(1461, '1331501D', 'Bajante con agarre de emergencia', 1722.18, 1),
(1462, '1331502D', 'Bajante con agarre de repuesto', 612.15, 1),
(1463, '1331503D', 'Bajante con agarre de paso', 894.4, 3),
(1464, '1331504D', 'Bajante con agarre de acople', 690.75, 2),
(1465, '1331505D', 'Bajante con agarre de mano', 788.31, 2),
(1466, '1331506P', 'Bajante con agarre para microperforar', 1664.62, 2),
(1467, '1331507P', 'Bajante con agarre para rotular', 1006.25, 1),
(1468, '1331508D', 'Bajante con agarre de ajuste rápido', 1215.11, 2),
(1469, '1331509D', 'Bajante con agarre de ajuste simétrico', 1552.6, 2),
(1470, '1331510D', 'Bajante con agarre de ajuste parcial', 9.28, 1),
(1471, '1331512D', 'Bajante cicloidal de emergencia', 712.57, 3),
(1472, '1331513D', 'Bajante cicloidal de repuesto', 450.88, 1),
(1473, '1331514D', 'Bajante cicloidal de paso', 1537.52, 1),
(1474, '1331515D', 'Bajante cicloidal de acople', 598.42, 1),
(1475, '1331516D', 'Bajante cicloidal de mano', 1280.35, 1),
(1476, '1331517P', 'Bajante cicloidal para microperforar', 1884.95, 3),
(1477, '1331518P', 'Bajante cicloidal para rotular', 1908.1, 2),
(1478, '1331519D', 'Bajante cicloidal de ajuste rápido', 1838.27, 2),
(1479, '1331520D', 'Bajante cicloidal de ajuste simétrico', 1287.9, 3),
(1480, '1331521D', 'Bajante cicloidal de ajuste parcial', 445.73, 2),
(1481, '1431523D', 'Bajante modal de emergencia', 1661.75, 2),
(1482, '1431524D', 'Bajante modal de repuesto', 556.59, 1),
(1483, '1431525D', 'Bajante modal de paso', 332.7, 2),
(1484, '1431526D', 'Bajante modal de acople', 1857.47, 3),
(1485, '1431527D', 'Bajante modal de mano', 1174.6, 1),
(1486, '1431528P', 'Bajante modal para microperforar', 106.7, 1),
(1487, '1431529P', 'Bajante modal para rotular', 1270.13, 2),
(1488, '1431530D', 'Bajante modal de ajuste rápido', 523.88, 1),
(1489, '1431531D', 'Bajante modal de ajuste simétrico', 186.65, 2),
(1490, '1431532D', 'Bajante modal de ajuste parcial', 73.56, 1),
(1491, '1381534D', 'Bajante helicoidal de emergencia', 814.5, 2),
(1492, '1381535D', 'Bajante helicoidal de repuesto', 1304.69, 3),
(1493, '1381536D', 'Bajante helicoidal de paso', 1380.38, 3),
(1494, '1381537D', 'Bajante helicoidal de acople', 1424.13, 2),
(1495, '1381538D', 'Bajante helicoidal de mano', 1873.7, 3),
(1496, '1381539P', 'Bajante helicoidal para microperforar', 886.77, 2),
(1497, '1381540P', 'Bajante helicoidal para rotular', 872.5, 3),
(1498, '1381541D', 'Bajante helicoidal de ajuste rápido', 1585.33, 1),
(1499, '1381542D', 'Bajante helicoidal de ajuste simétrico', 1018.2, 1),
(1500, '1381543D', 'Bajante helicoidal de ajuste parcial', 386.59, 1),
(1501, '1431545D', 'Bajante monocapa de emergencia', 1411.37, 1),
(1502, '1431546D', 'Bajante monocapa de repuesto', 1494.53, 3),
(1503, '1431547D', 'Bajante monocapa de paso', 1143.78, 1),
(1504, '1431548D', 'Bajante monocapa de acople', 1624.39, 1),
(1505, '1431549D', 'Bajante monocapa de mano', 1344.97, 1),
(1506, '1431550P', 'Bajante monocapa para microperforar', 1630.7, 3),
(1507, '1431551P', 'Bajante monocapa para rotular', 1630.3, 2),
(1508, '1431552D', 'Bajante monocapa de ajuste rápido', 1046.61, 1),
(1509, '1431553D', 'Bajante monocapa de ajuste simétrico', 1520.9, 3),
(1510, '1431554D', 'Bajante monocapa de ajuste parcial', 137.56, 3),
(1511, '1481557D', 'Sujeción auxiliar de emergencia', 471.67, 3),
(1512, '1481558D', 'Sujeción auxiliar de repuesto', 973.42, 2),
(1513, '1481559D', 'Sujeción auxiliar de paso', 253.44, 1),
(1514, '1481560D', 'Sujeción auxiliar de acople', 80.58, 3),
(1515, '1481561D', 'Sujeción auxiliar de mano', 95.16, 2),
(1516, '1481562P', 'Sujeción auxiliar para microperforar', 1799.27, 2),
(1517, '1481563P', 'Sujeción auxiliar para rotular', 193.45, 2),
(1518, '1481564D', 'Sujeción auxiliar de ajuste rápido', 1533.37, 2),
(1519, '1481565D', 'Sujeción auxiliar de ajuste simétrico', 1761.3, 3),
(1520, '1481566D', 'Sujeción auxiliar de ajuste parcial', 1304.7, 2),
(1521, '1601568D', 'Sujeción manual de emergencia', 709.65, 1),
(1522, '1601569D', 'Sujeción manual de repuesto', 1488.3, 1),
(1523, '1601570D', 'Sujeción manual de paso', 1721.9, 2),
(1524, '1601571D', 'Sujeción manual de acople', 421.56, 1),
(1525, '1601572D', 'Sujeción manual de mano', 409.66, 2),
(1526, '1601573P', 'Sujeción manual para microperforar', 299.35, 3),
(1527, '1601574P', 'Sujeción manual para rotular', 1588.46, 1),
(1528, '1601575D', 'Sujeción manual de ajuste rápido', 1489.22, 1),
(1529, '1601576D', 'Sujeción manual de ajuste simétrico', 1740.78, 1),
(1530, '1601577D', 'Sujeción manual de ajuste parcial', 705.46, 3),
(1531, '1501579D', 'Sujeción con rodadura de emergencia', 16.1, 3),
(1532, '1501580D', 'Sujeción con rodadura de repuesto', 1675.76, 3),
(1533, '1501581D', 'Sujeción con rodadura de paso', 975.9, 2),
(1534, '1501582D', 'Sujeción con rodadura de acople', 766, 2),
(1535, '1501583D', 'Sujeción con rodadura de mano', 343.6, 1),
(1536, '1501584P', 'Sujeción con rodadura para microperforar', 1580.93, 1),
(1537, '1501585P', 'Sujeción con rodadura para rotular', 1787.53, 2),
(1538, '1501586D', 'Sujeción con rodadura de ajuste rápido', 1092.63, 2),
(1539, '1501587D', 'Sujeción con rodadura de ajuste simétrico', 1283.3, 1),
(1540, '1501588D', 'Sujeción con rodadura de ajuste parcial', 592.11, 1),
(1541, '1501590D', 'Sujeción con presión de emergencia', 1834.16, 1),
(1542, '1501591D', 'Sujeción con presión de repuesto', 1974.19, 1),
(1543, '1501592D', 'Sujeción con presión de paso', 1599.45, 1),
(1544, '1501593D', 'Sujeción con presión de acople', 1746.32, 3),
(1545, '1501594D', 'Sujeción con presión de mano', 1874.2, 2),
(1546, '1501595P', 'Sujeción con presión para microperforar', 411.67, 2),
(1547, '1501596P', 'Sujeción con presión para rotular', 472.87, 2),
(1548, '1501597D', 'Sujeción con presión de ajuste rápido', 81.86, 3),
(1549, '1501598D', 'Sujeción con presión de ajuste simétrico', 1109.13, 2),
(1550, '1501599D', 'Sujeción con presión de ajuste parcial', 1465.79, 3),
(1551, '1501601D', 'Sujeción con rebustez de emergencia', 958.76, 2),
(1552, '1501602D', 'Sujeción con rebustez de repuesto', 1248.11, 3),
(1553, '1501603D', 'Sujeción con rebustez de paso', 218.15, 1),
(1554, '1501604D', 'Sujeción con rebustez de acople', 1114.97, 1),
(1555, '1501605D', 'Sujeción con rebustez de mano', 1009.94, 2),
(1556, '1501606P', 'Sujeción con rebustez para microperforar', 528.56, 3),
(1557, '1501607P', 'Sujeción con rebustez para rotular', 892.33, 1),
(1558, '1501608D', 'Sujeción con rebustez de ajuste rápido', 1112.39, 2),
(1559, '1501609D', 'Sujeción con rebustez de ajuste simétrico', 1834.2, 1),
(1560, '1501610D', 'Sujeción con rebustez de ajuste parcial', 1443.27, 2),
(1561, '1501612D', 'Sujeción con agarre de emergencia', 1595.92, 1),
(1562, '1501613D', 'Sujeción con agarre de repuesto', 622.54, 1),
(1563, '1501614D', 'Sujeción con agarre de paso', 783.12, 1),
(1564, '1501615D', 'Sujeción con agarre de acople', 419.19, 3),
(1565, '1501616D', 'Sujeción con agarre de mano', 65.15, 1),
(1566, '1501617P', 'Sujeción con agarre para microperforar', 621.44, 1),
(1567, '1501618P', 'Sujeción con agarre para rotular', 1683.64, 2),
(1568, '1501619D', 'Sujeción con agarre de ajuste rápido', 959.84, 2),
(1569, '1501620D', 'Sujeción con agarre de ajuste simétrico', 259.27, 1),
(1570, '1501621D', 'Sujeción con agarre de ajuste parcial', 705.94, 3),
(1571, '1501623D', 'Sujeción cicloidal de emergencia', 1810.49, 3),
(1572, '1501624D', 'Sujeción cicloidal de repuesto', 381.24, 1),
(1573, '1501625D', 'Sujeción cicloidal de paso', 1632.88, 2),
(1574, '1501626D', 'Sujeción cicloidal de acople', 311.11, 3),
(1575, '1501627D', 'Sujeción cicloidal de mano', 1706.82, 2),
(1576, '1501628P', 'Sujeción cicloidal para microperforar', 1746.46, 1),
(1577, '1501629P', 'Sujeción cicloidal para rotular', 1247.51, 1),
(1578, '1501630D', 'Sujeción cicloidal de ajuste rápido', 1543.9, 2),
(1579, '1501631D', 'Sujeción cicloidal de ajuste simétrico', 1470.56, 1),
(1580, '1501632D', 'Sujeción cicloidal de ajuste parcial', 1152.25, 2),
(1581, '1601634D', 'Sujeción modal de emergencia', 345.79, 2);
INSERT INTO `producto` (`id`, `codigo`, `descripcion`, `precio`, `id_tipoproducto`) VALUES
(1582, '1601635D', 'Sujeción modal de repuesto', 1917.49, 3),
(1583, '1601636D', 'Sujeción modal de paso', 1633.32, 2),
(1584, '1601637D', 'Sujeción modal de acople', 1084.8, 2),
(1585, '1601638D', 'Sujeción modal de mano', 1670.78, 2),
(1586, '1601639P', 'Sujeción modal para microperforar', 1163.68, 3),
(1587, '1601640P', 'Sujeción modal para rotular', 974.2, 2),
(1588, '1601641D', 'Sujeción modal de ajuste rápido', 222.43, 2),
(1589, '1601642D', 'Sujeción modal de ajuste simétrico', 1650.9, 2),
(1590, '1601643D', 'Sujeción modal de ajuste parcial', 1603.15, 1),
(1591, '1551645D', 'Sujeción helicoidal de emergencia', 835.49, 1),
(1592, '1551646D', 'Sujeción helicoidal de repuesto', 488.12, 3),
(1593, '1551647D', 'Sujeción helicoidal de paso', 197.65, 1),
(1594, '1551648D', 'Sujeción helicoidal de acople', 1538.8, 1),
(1595, '1551649D', 'Sujeción helicoidal de mano', 872.2, 3),
(1596, '1551650P', 'Sujeción helicoidal para microperforar', 417.25, 1),
(1597, '1551651P', 'Sujeción helicoidal para rotular', 294.44, 2),
(1598, '1551652D', 'Sujeción helicoidal de ajuste rápido', 162.7, 1),
(1599, '1551653D', 'Sujeción helicoidal de ajuste simétrico', 4.4, 1),
(1600, '1551654D', 'Sujeción helicoidal de ajuste parcial', 386.7, 1),
(1601, '1601656D', 'Sujeción monocapa de emergencia', 1658.6, 1),
(1602, '1601657D', 'Sujeción monocapa de repuesto', 1568.5, 2),
(1603, '1601658D', 'Sujeción monocapa de paso', 884.61, 3),
(1604, '1601659D', 'Sujeción monocapa de acople', 1862.2, 3),
(1605, '1601660D', 'Sujeción monocapa de mano', 1313.74, 1),
(1606, '1601661P', 'Sujeción monocapa para microperforar', 1676.17, 1),
(1607, '1601662P', 'Sujeción monocapa para rotular', 798.67, 1),
(1608, '1601663D', 'Sujeción monocapa de ajuste rápido', 1185.86, 2),
(1609, '1601664D', 'Sujeción monocapa de ajuste simétrico', 365.98, 3),
(1610, '1601665D', 'Sujeción monocapa de ajuste parcial', 308.36, 3);

-- --------------------------------------------------------

--
-- Estructura de tabla para la tabla `tipoproducto`
--

CREATE TABLE IF NOT EXISTS `tipoproducto` (
  `id` int(11) NOT NULL,
  `descripcion` varchar(255) DEFAULT NULL
) ENGINE=InnoDB AUTO_INCREMENT=5 DEFAULT CHARSET=utf8;

--
-- Volcado de datos para la tabla `tipoproducto`
--

INSERT INTO `tipoproducto` (`id`, `descripcion`) VALUES
(1, 'Finfante'),
(2, 'Gadolerio'),
(3, 'Rejúsvido'),
(4, 'Mordavaneco');

-- --------------------------------------------------------

--
-- Estructura de tabla para la tabla `usuario`
--

CREATE TABLE IF NOT EXISTS `usuario` (
  `id` int(11) NOT NULL,
  `nombre` varchar(255) DEFAULT NULL,
  `ape1` varchar(255) DEFAULT NULL,
  `ape2` varchar(255) DEFAULT NULL,
  `sexo` int(11) DEFAULT NULL,
  `login` varchar(255) DEFAULT NULL,
  `fnac` date DEFAULT NULL,
  `password` varchar(255) DEFAULT NULL
) ENGINE=InnoDB AUTO_INCREMENT=1000 DEFAULT CHARSET=utf8;

--
-- Volcado de datos para la tabla `usuario`
--

INSERT INTO `usuario` (`id`, `nombre`, `ape1`, `ape2`, `sexo`, `login`, `fnac`, `password`) VALUES
(1, 'Isaac', 'Ruiz', 'Rodríguez', 0, 'isruro20', '1993-02-20', 'KlVRLvqfQh'),
(2, 'María Camila', 'Gutierrez', 'Bonet', 1, 'magubo20', '1986-11-20', 'JJnopPKRTk'),
(3, 'Alma', 'Pelayo', 'Pérez', 1, 'alpepe13', '1988-01-13', 'tCKmIHmUrg'),
(4, 'Juan', 'Sancho', 'Pérez', 0, 'jusape06', '1989-07-06', 'zbVwnKGAfb'),
(5, 'Alexander', 'Pelayo', 'Montoya', 0, 'alpemo24', '1976-06-24', 'xizBKRjrFe'),
(6, 'Ana', 'Sanchís', 'Gutierrez', 1, 'ansagu18', '1988-09-18', 'SPfGSyoWTE'),
(7, 'Renata', 'Bonet', 'García', 1, 'reboga15', '1982-07-15', 'lIpjOSxhoO'),
(8, 'Carla', 'Hernández', 'Sanchís', 1, 'cahesa01', '1978-12-01', 'lBlLOzWJlR'),
(9, 'Victoria', 'Sancho', 'Alvarez', 1, 'visaal20', '1986-01-20', 'UlThaicOha'),
(10, 'Miguel', 'Bonet', 'Montoya', 0, 'mibomo18', '1973-05-18', 'MsSHVBiVbC'),
(11, 'Julieta', 'Hernández', 'Ruiz', 1, 'juheru24', '1977-07-24', 'MZxVYpwHie'),
(12, 'Juan Sebastián', 'López', 'Belmonte', 0, 'julobe11', '1972-09-11', 'OddNiebgJG'),
(13, 'Malena', 'Sancho', 'González', 1, 'masago22', '1992-05-22', 'tPsOUTzqEU'),
(14, 'Silvana', 'Alvarez', 'Ruiz', 1, 'sialru31', '1979-12-31', 'fcccvTAfhC'),
(15, 'Valentina', 'Domínguez', 'Pelayo', 1, 'vadope14', '1976-10-14', 'GRLoutzamA'),
(16, 'Pablo', 'Montoya', 'Pelayo', 0, 'pamope21', '1979-03-21', 'ODdyRvJmwF'),
(17, 'Magdalena', 'Sanchís', 'Belmonte', 1, 'masabe09', '1983-01-09', 'QkhDCVqsLo'),
(18, 'María Alejandra', 'Alvarez', 'Montoya', 1, 'maalmo13', '1979-02-13', 'HOCQItDLQz'),
(19, 'Thiago', 'Pérez', 'Fernández', 0, 'thpefe22', '1988-10-22', 'BOFPjCptAq'),
(20, 'Carlos', 'Palomino', 'Giménez', 0, 'capagi29', '1993-12-29', 'HQyiplmdjB'),
(21, 'Alonso', 'Montoya', 'González', 0, 'almogo18', '1974-07-18', 'AzDfMoDWSE'),
(22, 'Hugo', 'López', 'González', 0, 'hulogo16', '1994-02-16', 'yptwAovitR'),
(23, 'Martín', 'Casanova', 'Pelayo', 0, 'macape18', '1983-02-18', 'bhgNdmzjUa'),
(24, 'Diego', 'Pelayo', 'Rodríguez', 0, 'dipero02', '1982-07-02', 'vshZSqRGte'),
(25, 'María Paula', 'Casanova', 'Gómez', 1, 'macago16', '1985-06-16', 'GtUkdkNUTB'),
(26, 'Regina', 'Sanchís', 'Martínez', 1, 'resama01', '1978-05-01', 'heMnMkGoPD'),
(27, 'Miguel', 'Pelayo', 'Hernández', 0, 'mipehe19', '1988-09-19', 'AnKCakqDXK'),
(28, 'Aarón', 'Giménez', 'Hernández', 0, 'aagihe18', '1987-05-18', 'bYTrFjvXWH'),
(29, 'Miguel', 'Ruiz', 'Gómez', 0, 'mirugo04', '1981-04-04', 'UOtAYJRGUz'),
(30, 'Silvana', 'Hernández', 'García', 1, 'sihega03', '1984-03-03', 'bAqPrgFZki'),
(31, 'Gabriela', 'Alvarez', 'Pelayo', 1, 'gaalpe10', '1970-07-10', 'NfiEDXRpip'),
(32, 'Adrián', 'Gutierrez', 'Gómez', 0, 'adgugo15', '1981-07-15', 'zwmFPqsjjh'),
(33, 'Samantha', 'Gutierrez', 'Hernández', 1, 'saguhe30', '1991-04-30', 'mvMGkzvPNn'),
(34, 'Renata', 'Gutierrez', 'Montoya', 1, 'regumo05', '1980-02-05', 'kYQdXcdRdI'),
(35, 'Ashley', 'Domínguez', 'López', 1, 'asdolo29', '1989-07-29', 'sNLurBeiQG'),
(36, 'Alma', 'Rodríguez', 'Gutierrez', 1, 'alrogu26', '1984-08-26', 'AbUkpXFwwi'),
(37, 'Paulina', 'Hernández', 'García', 1, 'pahega22', '1988-01-22', 'NZXfqKKDlx'),
(38, 'Renata', 'González', 'Domínguez', 1, 'regodo24', '1971-07-24', 'EDIVmJdVWp'),
(39, 'Paulina', 'Gómez', 'López', 1, 'pagolo23', '1993-01-23', 'ZinnmoJZnf'),
(40, 'Natalia', 'Domínguez', 'González', 1, 'nadogo25', '1993-07-25', 'YgyXMJxILl'),
(41, 'María Alejandra', 'López', 'Rodríguez', 1, 'maloro13', '1985-10-13', 'mxyLwGMUor'),
(42, 'Malena', 'Fernández', 'Belmonte', 1, 'mafebe03', '1993-09-03', 'SGixAPhHjF'),
(43, 'Andrés', 'Giménez', 'Gómez', 0, 'angigo08', '1978-12-08', 'vODlRiwbZI'),
(44, 'Emmanuel', 'Sancho', 'Martínez', 0, 'emsama19', '1991-01-19', 'aGQCypeokp'),
(45, 'Julián', 'García', 'López', 0, 'jugalo09', '1985-12-09', 'qOHOeiprOG'),
(46, 'Montserrat', 'Martínez', 'López', 1, 'momalo30', '1970-12-30', 'nQCuhykcXa'),
(47, 'Javier', 'Fernández', 'Pelayo', 0, 'jafepe25', '1983-07-25', 'pyMzuQAYZc'),
(48, 'Valeria', 'Palomino', 'Montoya', 1, 'vapamo07', '1990-07-07', 'NzQCqCwUQE'),
(49, 'Alma', 'Bonet', 'Gómez', 1, 'albogo12', '1990-01-12', 'ibRNrKdOss'),
(50, 'Aitana', 'García', 'Ruiz', 1, 'aigaru29', '1990-12-29', 'ydDBpiqRoN'),
(51, 'Valery', 'Pelayo', 'Alvarez', 1, 'vapeal03', '1995-11-03', 'RuNgfqwzVv'),
(52, 'Ana Paula', 'Ruiz', 'Belmonte', 1, 'anrube23', '1987-01-23', 'QdKmjkaFCr'),
(53, 'Aitana', 'Pelayo', 'Bonet', 1, 'aipebo05', '1978-11-05', 'GMwRaxBSQP'),
(54, 'Alejandro', 'García', 'Bonet', 0, 'algabo08', '1984-08-08', 'odjevMqUxy'),
(55, 'Amanda', 'Montoya', 'Gómez', 1, 'ammogo20', '1972-05-20', 'mYcqbKQlym'),
(56, 'Axel', 'Belmonte', 'Casanova', 0, 'axbeca20', '1976-06-20', 'rCNspSXISf'),
(57, 'Agustina', 'Gutierrez', 'Rodríguez', 1, 'agguro13', '1986-06-13', 'dENPfigpvD'),
(58, 'Matías', 'Rodríguez', 'Rodríguez', 0, 'maroro20', '1991-06-20', 'hHEohaqLvZ'),
(59, 'Jerónimo', 'Gómez', 'Rodríguez', 0, 'jegoro21', '1971-03-21', 'VWsTbeSqRF'),
(60, 'Juana', 'López', 'Fernández', 1, 'julofe17', '1994-07-17', 'PjKwDqhwRV'),
(61, 'María Fernanda', 'Fernández', 'Sancho', 1, 'mafesa09', '1993-06-09', 'IAOWtsjJbK'),
(62, 'Aitana', 'Giménez', 'Martínez', 1, 'aigima27', '1990-04-27', 'YHlIRygiBR'),
(63, 'Agustín', 'Gómez', 'Martínez', 0, 'aggoma19', '1970-06-19', 'zFwqLIrBbT'),
(64, 'Ana', 'Ruiz', 'Pelayo', 1, 'anrupe21', '1976-05-21', 'DLqTrzwUCb'),
(65, 'Isaac', 'Sancho', 'Ruiz', 0, 'issaru20', '1986-12-20', 'oZKjkdWwZT'),
(66, 'Ángel', 'Fernández', 'González', 0, 'anfego28', '1993-12-28', 'sNxPEIujmV'),
(67, 'Javier', 'Rodríguez', 'Gutierrez', 0, 'jarogu04', '1970-08-04', 'IWjakhSOuy'),
(68, 'Ariana', 'Belmonte', 'Giménez', 1, 'arbegi18', '1976-01-18', 'UvMgsSYwVy'),
(69, 'Rebeca', 'Domínguez', 'Rodríguez', 1, 'redoro27', '1990-01-27', 'QVBruVzmRK'),
(70, 'Isaac', 'Sancho', 'García', 0, 'issaga31', '1988-07-31', 'kQbBTvNTpZ'),
(71, 'Kevin', 'Hernández', 'Alvarez', 0, 'keheal23', '1970-08-23', 'SZIkQoilnq'),
(72, 'Elías', 'Ruiz', 'González', 0, 'elrugo25', '1982-01-25', 'UAlhgJMcYk'),
(73, 'Samuel', 'Gutierrez', 'Sanchís', 0, 'sagusa12', '1987-09-12', 'twmyzMStPg'),
(74, 'Romina', 'Hernández', 'Sancho', 1, 'rohesa03', '1985-04-03', 'VYfPISQzNo'),
(75, 'Luciano', 'López', 'Pérez', 0, 'lulope06', '1989-01-06', 'GmoTQFSYsp'),
(76, 'Benjamín', 'Gómez', 'Giménez', 0, 'begogi04', '1981-06-04', 'UgodBCaZKe'),
(77, 'Florencia', 'Palomino', 'Palomino', 1, 'flpapa27', '1986-01-27', 'zBluSIQLbP'),
(78, 'Valentina', 'Gutierrez', 'Pérez', 1, 'vagupe16', '1986-03-16', 'QwsVlwRMzN'),
(79, 'Alejandra', 'Gutierrez', 'Gómez', 1, 'algugo26', '1993-03-26', 'UfiCUyrhFp'),
(80, 'Benjamín', 'Hernández', 'Casanova', 0, 'beheca15', '1973-05-15', 'JBxqMMiNZw'),
(81, 'Alexander', 'Gutierrez', 'Fernández', 0, 'algufe17', '1981-10-17', 'ABbxsEaMSJ'),
(82, 'Antonio', 'Bonet', 'González', 0, 'anbogo30', '1992-03-30', 'ihuujBFiCM'),
(83, 'Valentina', 'Martínez', 'Pelayo', 1, 'vamape03', '1989-04-03', 'axDaLjNDHt'),
(84, 'Elías', 'Rodríguez', 'Giménez', 0, 'elrogi28', '1975-08-28', 'shxNtYsApw'),
(85, 'Regina', 'Casanova', 'Palomino', 1, 'recapa20', '1979-03-20', 'ZrGmTfJUAH'),
(86, 'Emilia', 'Gutierrez', 'Giménez', 1, 'emgugi19', '1979-07-19', 'yQsoChRJff'),
(87, 'María Fernanda', 'Fernández', 'Rodríguez', 1, 'mafero21', '1980-10-21', 'CtsRsqIXNw'),
(88, 'Damián', 'Giménez', 'Pelayo', 0, 'dagipe04', '1977-09-04', 'PFVphVEPFe'),
(89, 'Diego Alejandro', 'Domínguez', 'García', 0, 'didoga01', '1972-08-01', 'YHTFneQlaj'),
(90, 'Magdalena', 'Bonet', 'Domínguez', 1, 'mabodo16', '1980-01-16', 'sdNbXiGmeO'),
(91, 'Benjamín', 'Palomino', 'Alvarez', 0, 'bepaal21', '1981-03-21', 'XJNVIApECb'),
(92, 'Juan Pablo', 'Casanova', 'Fernández', 0, 'jucafe17', '1993-12-17', 'WJxLDfDTWe'),
(93, 'Guadalupe', 'González', 'Fernández', 1, 'gugofe22', '1978-06-22', 'INwMisTpxg'),
(94, 'Álvaro', 'Casanova', 'Alvarez', 0, 'alcaal03', '1973-12-03', 'KUFUEMMMyQ'),
(95, 'Hugo', 'Giménez', 'Belmonte', 0, 'hugibe15', '1972-04-15', 'dYfNyaLDPS'),
(96, 'Emiliano', 'Fernández', 'Domínguez', 0, 'emfedo15', '1981-08-15', 'BpxJhGZhZd'),
(97, 'Laura', 'Palomino', 'Bonet', 1, 'lapabo12', '1973-12-12', 'PCfBwlTsEF'),
(98, 'Manuel', 'Fernández', 'Martínez', 0, 'mafema06', '1987-11-06', 'thRPGmLPrT'),
(99, 'Camila', 'Sancho', 'García', 1, 'casaga30', '1994-08-30', 'kqJTVVKDtb'),
(100, 'Bruno', 'Giménez', 'Montoya', 0, 'brgimo17', '1991-02-17', 'PregLgHoFZ'),
(101, 'Carlos', 'Sancho', 'Pelayo', 0, 'casape13', '1995-01-13', 'sVrOohfNGV'),
(102, 'Micaela', 'Gutierrez', 'Ruiz', 1, 'miguru30', '1977-03-30', 'lCJPqjWgxl'),
(103, 'Malena', 'Gómez', 'Gómez', 1, 'magogo30', '1995-03-30', 'stKMxijZjr'),
(104, 'Valentina', 'López', 'Montoya', 1, 'valomo17', '1975-01-17', 'GDcWsOaxrS'),
(105, 'Josué', 'Fernández', 'Casanova', 0, 'jofeca07', '1987-12-07', 'appXWbfGvE'),
(106, 'María José', 'Giménez', 'Ruiz', 1, 'magiru07', '1985-04-07', 'IyJVvXrCJb'),
(107, 'Florencia', 'López', 'Gómez', 1, 'fllogo09', '1976-02-09', 'TqBfcjKVfi'),
(108, 'Mía', 'Gutierrez', 'Casanova', 1, 'miguca09', '1980-02-09', 'vvFGfwwlGq'),
(109, 'Valentino', 'Sanchís', 'González', 0, 'vasago12', '1987-07-12', 'aZjIoYAXXy'),
(110, 'Anthony', 'Palomino', 'Pelayo', 0, 'anpape02', '1991-12-02', 'zsHPAwpFWt'),
(111, 'Rafael', 'Giménez', 'González', 0, 'ragigo12', '1994-06-12', 'ogOIYoqkjv'),
(112, 'Nicole', 'Gómez', 'Belmonte', 1, 'nigobe23', '1977-03-23', 'NMoPGFbHpX'),
(113, 'Thiago', 'Gómez', 'López', 0, 'thgolo19', '1988-08-19', 'LlaJRtYKZX'),
(114, 'Malena', 'Sanchís', 'Montoya', 1, 'masamo26', '1981-10-26', 'tbXxumjVYv'),
(115, 'Nicole', 'Fernández', 'Montoya', 1, 'nifemo13', '1974-01-13', 'BFNkWMDBzf'),
(116, 'Lautaro', 'Ruiz', 'Belmonte', 0, 'larube10', '1993-11-10', 'DDSqCXhSEr'),
(117, 'Emmanuel', 'Martínez', 'Rodríguez', 0, 'emmaro17', '1985-07-17', 'EfEQHGSxri'),
(118, 'Vicente', 'Alvarez', 'Casanova', 0, 'vialca19', '1982-01-19', 'yudYDiIcFq'),
(119, 'Josefina', 'López', 'Fernández', 1, 'jolofe12', '1988-09-12', 'xUOaLEOACW'),
(120, 'Carolina', 'Alvarez', 'Alvarez', 1, 'caalal30', '1990-04-30', 'eMefEvqXyD'),
(121, 'María', 'Rodríguez', 'García', 1, 'maroga25', '1971-04-25', 'MwddLgmdYy'),
(122, 'Simón', 'Bonet', 'Pérez', 0, 'sibope02', '1987-10-02', 'QnvrNZojWq'),
(123, 'Ashley', 'Pelayo', 'Martínez', 1, 'aspema29', '1995-04-29', 'EJUOheEMoC'),
(124, 'Maximiliano', 'Ruiz', 'Pelayo', 0, 'marupe14', '1983-06-14', 'yDHgHLhwDR'),
(125, 'Paula', 'Sanchís', 'Sanchís', 1, 'pasasa13', '1973-05-13', 'hmHSoQFTSL'),
(126, 'María Fernanda', 'Palomino', 'Pelayo', 1, 'mapape12', '1987-10-12', 'MukjxFsoTH'),
(127, 'Fernando', 'López', 'Alvarez', 0, 'feloal16', '1990-11-16', 'lQuZAZJZwM'),
(128, 'Valery', 'Ruiz', 'Giménez', 1, 'varugi22', '1990-02-22', 'fxNDxRwTou'),
(129, 'Sergio', 'Belmonte', 'Gutierrez', 0, 'sebegu12', '1988-10-12', 'prSAyrLRQX'),
(130, 'Antonella', 'Alvarez', 'Pelayo', 1, 'analpe18', '1984-01-18', 'gPRHDAnaOu'),
(131, 'Ana', 'Rodríguez', 'Domínguez', 1, 'anrodo07', '1973-12-07', 'RHNuwsMpNA'),
(132, 'Vicente', 'Alvarez', 'Gómez', 0, 'vialgo19', '1971-05-19', 'wunsnFhgCA'),
(133, 'Rafael', 'Sancho', 'García', 0, 'rasaga21', '1977-12-21', 'sxWKYkvpVS'),
(134, 'Ana', 'Gutierrez', 'Martínez', 1, 'anguma28', '1979-12-28', 'LiqecDgklt'),
(135, 'Sara', 'Bonet', 'Giménez', 1, 'sabogi04', '1994-04-04', 'OWxnnrQmyM'),
(136, 'Alma', 'González', 'Rodríguez', 1, 'algoro16', '1994-01-16', 'OCfZioXNUS'),
(137, 'Gabriela', 'Palomino', 'Casanova', 1, 'gapaca05', '1988-01-05', 'fzWpiZuMRC'),
(138, 'Carolina', 'Domínguez', 'Palomino', 1, 'cadopa15', '1984-09-15', 'lBZcHmPgcc'),
(139, 'Sergio', 'Martínez', 'Fernández', 0, 'semafe06', '1973-11-06', 'pnYHFoFVBa'),
(140, 'Valery', 'Gutierrez', 'Giménez', 1, 'vagugi11', '1989-03-11', 'yFtzovtdbQ'),
(141, 'Aarón', 'Fernández', 'Belmonte', 0, 'aafebe22', '1987-04-22', 'dsOeYzWZYm'),
(142, 'María', 'González', 'Gutierrez', 1, 'magogu12', '1973-03-12', 'sjwcEVogDc'),
(143, 'Álvaro', 'Pelayo', 'Martínez', 0, 'alpema27', '1992-01-27', 'NfYzFZqtkZ'),
(144, 'Sebastián', 'Pérez', 'Fernández', 0, 'sepefe14', '1985-03-14', 'YqWQKByrIu'),
(145, 'Luis', 'Montoya', 'Pérez', 0, 'lumope07', '1971-01-07', 'GPaQvLOBsm'),
(146, 'Julieta', 'Giménez', 'Rodríguez', 1, 'jugiro13', '1973-04-13', 'WNRDFRvpOk'),
(147, 'Samuel', 'Alvarez', 'Gutierrez', 0, 'saalgu31', '1992-03-31', 'ryBHynyLzS'),
(148, 'Amelia', 'Fernández', 'Rodríguez', 1, 'amfero22', '1987-04-22', 'tQkowjnFcU'),
(149, 'Rafaela', 'Gutierrez', 'García', 1, 'raguga28', '1982-09-28', 'lVLoSZMorJ'),
(150, 'Mario', 'Bonet', 'Domínguez', 0, 'mabodo04', '1991-09-04', 'NBlNBfcrfX'),
(151, 'Axel', 'Palomino', 'Giménez', 0, 'axpagi25', '1990-04-25', 'QayFwBosNr'),
(152, 'Natalia', 'Domínguez', 'Fernández', 1, 'nadofe19', '1971-01-19', 'VZSIJMJKGk'),
(153, 'María Alejandra', 'Palomino', 'Sancho', 1, 'mapasa24', '1982-12-24', 'DNYLRUCwiL'),
(154, 'Christian', 'Giménez', 'Palomino', 0, 'chgipa27', '1992-08-27', 'zTmFxpwBQl'),
(155, 'Miguel', 'Domínguez', 'Rodríguez', 0, 'midoro16', '1972-12-16', 'VYTElRQokQ'),
(156, 'Alexander', 'Palomino', 'Palomino', 0, 'alpapa11', '1987-02-11', 'SIJbFJjSrX'),
(157, 'Florencia', 'García', 'Domínguez', 1, 'flgado09', '1983-11-09', 'ZttdJnBPly'),
(158, 'Agustín', 'Palomino', 'Rodríguez', 0, 'agparo03', '1976-12-03', 'vaeIzdkXlQ'),
(159, 'Dylan', 'Fernández', 'Giménez', 0, 'dyfegi25', '1990-10-25', 'HuEVUQWsKc'),
(160, 'Elizabeth', 'Pelayo', 'Sancho', 1, 'elpesa12', '1994-01-12', 'mcitiCUymf'),
(161, 'Juan', 'Palomino', 'Casanova', 0, 'jupaca17', '1982-08-17', 'JhrKMZqfnr'),
(162, 'Juan', 'Giménez', 'Hernández', 0, 'jugihe30', '1991-01-30', 'hWGjaysFxg'),
(163, 'Matías', 'Martínez', 'Alvarez', 0, 'mamaal21', '1971-02-21', 'nlbPalWGpW'),
(164, 'Josué', 'Belmonte', 'Bonet', 0, 'jobebo28', '1982-04-28', 'jMofqoCzJH'),
(165, 'Juan Diego', 'Giménez', 'Pérez', 0, 'jugipe06', '1975-06-06', 'jzqWpdFWhf'),
(166, 'Ana Paula', 'Hernández', 'Gómez', 1, 'anhego08', '1991-04-08', 'rBLXCoaaRC'),
(167, 'Catalina', 'Ruiz', 'González', 1, 'carugo16', '1972-07-16', 'lKRKBlTFkS'),
(168, 'Nicolás', 'López', 'Fernández', 0, 'nilofe08', '1976-07-08', 'ZdfhLzNdFF'),
(169, 'Juan Sebastián', 'Bonet', 'Martínez', 0, 'juboma02', '1980-11-02', 'NRRihhQDOy'),
(170, 'María Alejandra', 'Alvarez', 'López', 1, 'maallo09', '1972-06-09', 'gRcwaTkJnb'),
(171, 'Hugo', 'Bonet', 'Hernández', 0, 'hubohe16', '1984-03-16', 'KEZMJqSIsi'),
(172, 'Alex', 'Martínez', 'Domínguez', 0, 'almado19', '1972-07-19', 'OcIUsUjKKZ'),
(173, 'Juan Manuel', 'Fernández', 'Bonet', 0, 'jufebo01', '1993-09-01', 'XbvCYDKwwm'),
(174, 'Luana', 'López', 'Belmonte', 1, 'lulobe14', '1973-10-14', 'NMJHPlnTOt'),
(175, 'Michelle', 'Montoya', 'Ruiz', 1, 'mimoru29', '1984-02-29', 'kOIYNhHtyh'),
(176, 'Salomé', 'Hernández', 'Gómez', 1, 'sahego27', '1993-01-27', 'ZEuYRLeDEt'),
(177, 'Dylan', 'González', 'Sanchís', 0, 'dygosa16', '1991-07-16', 'YXrxeWiCmd'),
(178, 'Iker', 'López', 'Bonet', 0, 'iklobo18', '1982-10-18', 'SAzqeAtupQ'),
(179, 'Aarón', 'Martínez', 'Sancho', 0, 'aamasa13', '1973-01-13', 'JLBASLBQQj'),
(180, 'Gael', 'González', 'Casanova', 0, 'gagoca27', '1982-02-27', 'qwYLNtODLm'),
(181, 'Franco', 'Gutierrez', 'Belmonte', 0, 'frgube25', '1978-09-25', 'CCryqSOwgP'),
(182, 'Nicole', 'Fernández', 'Sanchís', 1, 'nifesa20', '1972-06-20', 'TXnVcQLLFg'),
(183, 'Michelle', 'Rodríguez', 'Hernández', 1, 'mirohe09', '1990-11-09', 'JcTCzNwiqx'),
(184, 'Samantha', 'Montoya', 'Palomino', 1, 'samopa20', '1984-11-20', 'BpRtyVlwzT'),
(185, 'Carolina', 'López', 'Giménez', 1, 'calogi23', '1977-10-23', 'piYfaCCfXt'),
(186, 'Camilo', 'Giménez', 'Ruiz', 0, 'cagiru02', '1991-03-02', 'ouwKopJYti'),
(187, 'Jacobo', 'Alvarez', 'Palomino', 0, 'jaalpa18', '1983-05-18', 'hofvmmkSuF'),
(188, 'Juan Pablo', 'Rodríguez', 'Palomino', 0, 'juropa09', '1979-05-09', 'TFYldaPCWl'),
(189, 'Leonardo', 'Alvarez', 'Bonet', 0, 'lealbo25', '1984-06-25', 'GnlhqBwEau'),
(190, 'Lucía', 'Montoya', 'Gómez', 1, 'lumogo11', '1993-08-11', 'SmNRYANwDS'),
(191, 'Mariana', 'Alvarez', 'Fernández', 1, 'maalfe22', '1994-05-22', 'fHephgkohk'),
(192, 'Axel', 'Gómez', 'Bonet', 0, 'axgobo09', '1985-07-09', 'iEuoRxoPOi'),
(193, 'Ariana', 'Rodríguez', 'Gómez', 1, 'arrogo12', '1973-04-12', 'rszBCdbtNe'),
(194, 'Ariana', 'Bonet', 'Rodríguez', 1, 'arboro16', '1971-07-16', 'HrDBGtBMMI'),
(195, 'Ian', 'Montoya', 'Rodríguez', 0, 'iamoro29', '1981-07-29', 'fRXakxfcwj'),
(196, 'Silvana', 'Pelayo', 'Pelayo', 1, 'sipepe12', '1980-07-12', 'zbSWNqElUR'),
(197, 'María José', 'Ruiz', 'Montoya', 1, 'marumo16', '1989-06-16', 'BvReNNkAYd'),
(198, 'Fátima', 'Rodríguez', 'Gómez', 1, 'farogo24', '1990-06-24', 'lURgmgkLSE'),
(199, 'Abril', 'Sanchís', 'Belmonte', 1, 'absabe25', '1978-05-25', 'BeFHKrWEaM'),
(200, 'Juan Esteban', 'López', 'Pérez', 0, 'julope06', '1976-11-06', 'RhtkDNcMkj'),
(201, 'Alma', 'Bonet', 'Sanchís', 1, 'albosa18', '1988-09-18', 'sxUMBYIFaB'),
(202, 'Juana', 'Fernández', 'González', 1, 'jufego08', '1994-03-08', 'uwVsdWwSUt'),
(203, 'Isabel', 'López', 'Gutierrez', 1, 'islogu21', '1985-06-21', 'AcJeAEsBPC'),
(204, 'Irene', 'Casanova', 'Casanova', 1, 'ircaca09', '1984-11-09', 'VrWZWhBwfR'),
(205, 'Pedro', 'Gómez', 'Casanova', 0, 'pegoca21', '1991-02-21', 'aGJuRtyyGg'),
(206, 'Emily', 'Palomino', 'Rodríguez', 1, 'emparo17', '1977-03-17', 'tYiteyzvdA'),
(207, 'Aarón', 'Palomino', 'Belmonte', 0, 'aapabe22', '1987-12-22', 'abyvmejufw'),
(208, 'Samuel', 'Montoya', 'Montoya', 0, 'samomo20', '1979-04-20', 'oXWNafNeeb'),
(209, 'Silvana', 'Pérez', 'Hernández', 1, 'sipehe10', '1990-12-10', 'CArBlgPENq'),
(210, 'Rafael', 'Montoya', 'Domínguez', 0, 'ramodo21', '1993-02-21', 'qvceHmQmNu'),
(211, 'Diego', 'García', 'Ruiz', 0, 'digaru08', '1988-08-08', 'ocVlxNgWVb'),
(212, 'Juliana', 'Martínez', 'Pérez', 1, 'jumape19', '1988-02-19', 'BVRtpTOvcQ'),
(213, 'Emma', 'Gutierrez', 'Rodríguez', 1, 'emguro16', '1985-06-16', 'cNFvaxosdu'),
(214, 'Agustina', 'García', 'Pelayo', 1, 'aggape17', '1984-12-17', 'smrqhOafaj'),
(215, 'Lola', 'Alvarez', 'García', 1, 'loalga24', '1980-06-24', 'xoPQEwSSrp'),
(216, 'Valentín', 'Ruiz', 'García', 0, 'varuga21', '1992-04-21', 'HzMpOvwlRE'),
(217, 'Christian', 'Domínguez', 'Pelayo', 0, 'chdope03', '1977-12-03', 'AfoRPLMelc'),
(218, 'Gabriel', 'Pérez', 'Pelayo', 0, 'gapepe18', '1994-01-18', 'biIbQLaRXW'),
(219, 'María Camila', 'Pelayo', 'Pérez', 1, 'mapepe27', '1977-08-27', 'JjhrelenVM'),
(220, 'Iker', 'Gutierrez', 'Palomino', 0, 'ikgupa11', '1986-11-11', 'HLRatabwqB'),
(221, 'Valery', 'Bonet', 'Alvarez', 1, 'vaboal09', '1994-07-09', 'fOzLeUHPaC'),
(222, 'Christopher', 'Sanchís', 'Palomino', 0, 'chsapa04', '1978-05-04', 'aqfDvFQXFm'),
(223, 'Thiago', 'Alvarez', 'Montoya', 0, 'thalmo30', '1981-07-30', 'thtMkPmslH'),
(224, 'Violeta', 'Martínez', 'Sancho', 1, 'vimasa12', '1974-01-12', 'njaPJAikOC'),
(225, 'Adriana', 'Belmonte', 'Belmonte', 1, 'adbebe03', '1994-03-03', 'gZPkdGGMwv'),
(226, 'Paula', 'Gutierrez', 'Pelayo', 1, 'pagupe17', '1973-02-17', 'DssbhEycDw'),
(227, 'Jazmín', 'Sancho', 'López', 1, 'jasalo13', '1970-02-13', 'TScIShYZnX'),
(228, 'Luciano', 'Sancho', 'López', 0, 'lusalo11', '1970-08-11', 'YruBZcADYo'),
(229, 'Hugo', 'Belmonte', 'Casanova', 0, 'hubeca17', '1982-08-17', 'vfpuHyaKhS'),
(230, 'Jesús', 'Sanchís', 'Bonet', 0, 'jesabo08', '1986-01-08', 'gbKvzYwNle'),
(231, 'Cristóbal', 'Pelayo', 'Hernández', 0, 'crpehe30', '1987-07-30', 'oXsnvnqrhf'),
(232, 'Abigail', 'Hernández', 'Ruiz', 1, 'abheru03', '1989-05-03', 'UgMgJzXrlt'),
(233, 'Malena', 'Rodríguez', 'Fernández', 1, 'marofe01', '1993-05-01', 'wQqOBaueqA'),
(234, 'Jorge', 'Ruiz', 'Pérez', 0, 'jorupe03', '1971-07-03', 'wHJdkBqwRd'),
(235, 'Francisco', 'Casanova', 'Belmonte', 0, 'frcabe01', '1971-04-01', 'PMVSstGyCK'),
(236, 'Eduardo', 'Ruiz', 'Pelayo', 0, 'edrupe02', '1990-08-02', 'sqfVUtxIsS'),
(237, 'Aitana', 'Alvarez', 'Casanova', 1, 'aialca07', '1975-07-07', 'JYqtGXZPId'),
(238, 'Julia', 'Pelayo', 'Sanchís', 1, 'jupesa08', '1972-09-08', 'heDXkKbtdc'),
(239, 'Fernando', 'Pelayo', 'Giménez', 0, 'fepegi23', '1982-12-23', 'dSBzSbokET'),
(240, 'Ignacio', 'Pelayo', 'Pérez', 0, 'igpepe01', '1983-01-01', 'bZgztwDGMS'),
(241, 'Juan Pablo', 'Giménez', 'Ruiz', 0, 'jugiru06', '1987-02-06', 'attpChoSQo'),
(242, 'Mía', 'Domínguez', 'Pérez', 1, 'midope10', '1986-09-10', 'LOvZLHfOvv'),
(243, 'Esteban', 'Sanchís', 'Alvarez', 0, 'essaal31', '1972-03-31', 'kknwsJdCtI'),
(244, 'Bruno', 'Alvarez', 'Gómez', 0, 'bralgo01', '1971-07-01', 'PNLJQKAIXv'),
(245, 'Abigail', 'García', 'Montoya', 1, 'abgamo09', '1987-11-09', 'boJplHqLfF'),
(246, 'Juan Esteban', 'Palomino', 'Hernández', 0, 'jupahe01', '1977-03-01', 'TZjzpbMncL'),
(247, 'Felipe', 'Montoya', 'Ruiz', 0, 'femoru14', '1986-04-14', 'KSvAbnrIUe'),
(248, 'Lautaro', 'Pérez', 'Bonet', 0, 'lapebo07', '1992-03-07', 'xlqawnPRMG'),
(249, 'Agustina', 'González', 'López', 1, 'aggolo28', '1971-04-28', 'ATSBSArDtx'),
(250, 'Diego Alejandro', 'Pérez', 'Bonet', 0, 'dipebo06', '1978-06-06', 'xmgzYMPhIx'),
(251, 'Michelle', 'Belmonte', 'Bonet', 1, 'mibebo08', '1989-09-08', 'bZRuifXvOk'),
(252, 'Rafaela', 'Gutierrez', 'González', 1, 'ragugo20', '1984-08-20', 'KgCfIAIhBP'),
(253, 'Mariangel', 'Pérez', 'Pelayo', 1, 'mapepe04', '1974-01-04', 'byfuVXeeyY'),
(254, 'Matías', 'Bonet', 'Sanchís', 0, 'mabosa29', '1984-10-29', 'EesixwwoHz'),
(255, 'Ivan', 'Rodríguez', 'Alvarez', 0, 'ivroal26', '1981-01-26', 'lgbLwaNkjL'),
(256, 'Juana', 'Casanova', 'Rodríguez', 1, 'jucaro20', '1972-02-20', 'mEvNBZSDmf'),
(257, 'Josefina', 'Sancho', 'González', 1, 'josago14', '1994-05-14', 'rGpKraqrHy'),
(258, 'Samantha', 'Rodríguez', 'Gómez', 1, 'sarogo28', '1979-08-28', 'xUTqvOaBnK'),
(259, 'Martín', 'Hernández', 'Rodríguez', 0, 'mahero21', '1983-03-21', 'YfPjiDiMJR'),
(260, 'Emily', 'Ruiz', 'Hernández', 1, 'emruhe23', '1973-03-23', 'oraSVVoeHc'),
(261, 'Ignacio', 'Palomino', 'Martínez', 0, 'igpama05', '1979-01-05', 'iUULWAjaEu'),
(262, 'Clara', 'Domínguez', 'González', 1, 'cldogo08', '1992-04-08', 'pbAOHPvUlt'),
(263, 'Dante', 'Rodríguez', 'Ruiz', 0, 'daroru15', '1971-04-15', 'VBEsADeQty'),
(264, 'Bruno', 'Pelayo', 'Sancho', 0, 'brpesa12', '1978-03-12', 'OOIWvfcHZG'),
(265, 'Manuela', 'Pérez', 'Pelayo', 1, 'mapepe01', '1989-10-01', 'LOFDZLKVyR'),
(266, 'Juan Martín', 'Bonet', 'Domínguez', 0, 'jubodo30', '1976-10-30', 'eeuUEIEvhL'),
(267, 'Franco', 'Alvarez', 'Alvarez', 0, 'fralal27', '1985-06-27', 'pYlMDQTfJM'),
(268, 'Adrián', 'García', 'Rodríguez', 0, 'adgaro28', '1970-12-28', 'ueBLsItUni'),
(269, 'Jorge', 'Belmonte', 'Sanchís', 0, 'jobesa02', '1995-11-02', 'BflGSnfMEO'),
(270, 'Michelle', 'Gutierrez', 'Palomino', 1, 'migupa12', '1971-03-12', 'qwxYDMJwAh'),
(271, 'Jacobo', 'Sancho', 'Domínguez', 0, 'jasado27', '1994-10-27', 'QyFmoVPaJX'),
(272, 'Maite', 'Ruiz', 'Sanchís', 1, 'marusa19', '1981-12-19', 'gsVmllPUIS'),
(273, 'Alessandra', 'Casanova', 'Rodríguez', 1, 'alcaro11', '1979-01-11', 'cDSngElbbJ'),
(274, 'Pablo', 'Fernández', 'Montoya', 0, 'pafemo10', '1987-06-10', 'CToVqfpRAO'),
(275, 'Josefa', 'Gómez', 'Sanchís', 1, 'jogosa30', '1973-04-30', 'XWIbCBBAbH'),
(276, 'Antonia', 'Gómez', 'Fernández', 1, 'angofe19', '1978-01-19', 'AxHPhApJLf'),
(277, 'Michelle', 'Alvarez', 'Rodríguez', 1, 'mialro22', '1993-11-22', 'GPEywVSERV'),
(278, 'Pablo', 'López', 'Casanova', 0, 'paloca26', '1973-07-26', 'eJjEwkpIqE'),
(279, 'Maximiliano', 'Rodríguez', 'Sancho', 0, 'marosa29', '1970-04-29', 'tSlSUAZcop'),
(280, 'Andrea', 'Belmonte', 'Ruiz', 1, 'anberu26', '1981-10-26', 'JdwIdaOTCt'),
(281, 'Sofía', 'Fernández', 'Gutierrez', 1, 'sofegu23', '1973-11-23', 'nExTXClVsA'),
(282, 'Hugo', 'Palomino', 'Pelayo', 0, 'hupape16', '1984-10-16', 'oDAAZaSEpQ'),
(283, 'Jimena', 'Montoya', 'Hernández', 1, 'jimohe18', '1986-03-18', 'URkGzIusYZ'),
(284, 'Adrián', 'García', 'Sanchís', 0, 'adgasa14', '1973-12-14', 'VGpIQGwRTd'),
(285, 'María Camila', 'Domínguez', 'Hernández', 1, 'madohe05', '1982-10-05', 'EGJHKKkjZO'),
(286, 'Aarón', 'Sancho', 'Pelayo', 0, 'aasape14', '1976-01-14', 'ihgncsXMEf'),
(287, 'Manuel', 'Gómez', 'Belmonte', 0, 'magobe01', '1982-04-01', 'yxNEFpzyfQ'),
(288, 'Ricardo', 'Sanchís', 'Gómez', 0, 'risago04', '1988-08-04', 'biOqTvuikH'),
(289, 'Clara', 'Rodríguez', 'Pérez', 1, 'clrope30', '1988-07-30', 'LvBRmSMien'),
(290, 'Facundo', 'Alvarez', 'García', 0, 'faalga14', '1979-01-14', 'DvqpsQiGKK'),
(291, 'Alan', 'Gómez', 'Palomino', 0, 'algopa26', '1992-11-26', 'KaHHCmhAmk'),
(292, 'Camila', 'Hernández', 'Casanova', 1, 'caheca25', '1983-01-25', 'mfyaYBrKEa'),
(293, 'Esteban', 'Gómez', 'Fernández', 0, 'esgofe18', '1995-03-18', 'zDmHvqhPrt'),
(294, 'Florencia', 'Fernández', 'Pérez', 1, 'flfepe02', '1978-08-02', 'FBEraHVjBD'),
(295, 'Sebastián', 'Gómez', 'González', 0, 'segogo05', '1978-03-05', 'CxDpXZePfY'),
(296, 'Emilio', 'Bonet', 'Palomino', 0, 'embopa23', '1972-07-23', 'bjeIzbvLHc'),
(297, 'Pedro', 'Pelayo', 'Pelayo', 0, 'pepepe10', '1978-06-10', 'myCWrHxLoH'),
(298, 'Eduardo', 'Giménez', 'Sanchís', 0, 'edgisa14', '1987-06-14', 'GMhfosUVhE'),
(299, 'Sara', 'Alvarez', 'Hernández', 1, 'saalhe11', '1988-06-11', 'suURAdRJQr'),
(300, 'Thiago', 'Gómez', 'Domínguez', 0, 'thgodo18', '1993-02-18', 'lZcxOcbNpu'),
(301, 'Juan Martín', 'Gutierrez', 'Belmonte', 0, 'jugube05', '1982-06-05', 'hpvMDdHjrz'),
(302, 'Martina', 'Sancho', 'García', 1, 'masaga02', '1984-06-02', 'zCnWomgplv'),
(303, 'Sebastián', 'Gómez', 'Sancho', 0, 'segosa16', '1990-05-16', 'ijdcjDeGCG'),
(304, 'Mariana', 'Pelayo', 'Fernández', 1, 'mapefe27', '1983-08-27', 'mUAZZMZCDu'),
(305, 'Santiago', 'Palomino', 'Bonet', 0, 'sapabo17', '1991-11-17', 'nimmwPenPG'),
(306, 'Juliana', 'Bonet', 'Ruiz', 1, 'juboru21', '1970-12-21', 'EebAZLfloJ'),
(307, 'Abril', 'González', 'Giménez', 1, 'abgogi15', '1979-04-15', 'taJfLYafWY'),
(308, 'Agustina', 'Gómez', 'González', 1, 'aggogo20', '1990-02-20', 'GzUEdHDMfm'),
(309, 'Micaela', 'Domínguez', 'Casanova', 1, 'midoca17', '1990-07-17', 'RYozuuFsBY'),
(310, 'Ivan', 'García', 'Sancho', 0, 'ivgasa21', '1985-02-21', 'LNqwXCEJqR'),
(311, 'Luis', 'Rodríguez', 'Belmonte', 0, 'lurobe09', '1983-08-09', 'FldiTbhNNE'),
(312, 'Regina', 'Sanchís', 'Rodríguez', 1, 'resaro09', '1988-12-09', 'zwYbnMQDWx'),
(313, 'Sebastián', 'García', 'Bonet', 0, 'segabo06', '1993-06-06', 'yjHGZYZNGn'),
(314, 'Andrés', 'Gómez', 'Bonet', 0, 'angobo21', '1992-12-21', 'eSbawGvzxi'),
(315, 'Samantha', 'Sancho', 'Sanchís', 1, 'sasasa07', '1993-10-07', 'eDCcCghqwn'),
(316, 'Camila', 'Pelayo', 'Gutierrez', 1, 'capegu24', '1984-05-24', 'ARnpBYTpPr'),
(317, 'Thiago', 'Alvarez', 'Domínguez', 0, 'thaldo07', '1993-05-07', 'CmyTsAdSDf'),
(318, 'Alexa', 'Martínez', 'Sanchís', 1, 'almasa26', '1979-02-26', 'cNxWnebkYC'),
(319, 'Gabriela', 'Pelayo', 'Martínez', 1, 'gapema14', '1974-03-14', 'WJsBZykOVl'),
(320, 'Leonardo', 'Martínez', 'Rodríguez', 0, 'lemaro25', '1978-04-25', 'MUhXRECQMV'),
(321, 'Luna', 'González', 'Casanova', 1, 'lugoca25', '1981-02-25', 'BgDjCXclHM'),
(322, 'Joaquín', 'López', 'García', 0, 'jologa16', '1973-04-16', 'SWdgXMflnw'),
(323, 'Alexander', 'Hernández', 'Sanchís', 0, 'alhesa12', '1994-10-12', 'oyZWQQoskp'),
(324, 'Isabella', 'García', 'Domínguez', 1, 'isgado19', '1985-11-19', 'PqnqgJQLsO'),
(325, 'Jesús', 'Pérez', 'Giménez', 0, 'jepegi27', '1979-04-27', 'vvswBvKlEp'),
(326, 'Franco', 'Sanchís', 'Giménez', 0, 'frsagi21', '1995-04-21', 'vCsqQKMYjA'),
(327, 'Isaac', 'Sanchís', 'Palomino', 0, 'issapa07', '1976-05-07', 'hNzfXmVNpB'),
(328, 'Anthony', 'Ruiz', 'Pelayo', 0, 'anrupe26', '1991-06-26', 'kSFzcLEQhz'),
(329, 'Manuel', 'Alvarez', 'Alvarez', 0, 'maalal01', '1971-04-01', 'gwlnJlJPFI'),
(330, 'Juan Diego', 'Bonet', 'Belmonte', 0, 'jubobe04', '1982-07-04', 'LRabfDNmvA'),
(331, 'Sergio', 'Pelayo', 'Ruiz', 0, 'seperu17', '1986-09-17', 'bUVQGiZfYQ'),
(332, 'Valeria', 'Ruiz', 'López', 1, 'varulo08', '1990-11-08', 'UFTcOtzXGN'),
(333, 'Nicolás', 'García', 'Domínguez', 0, 'nigado09', '1974-11-09', 'laiKodFEMZ'),
(334, 'Daniel', 'Giménez', 'López', 0, 'dagilo17', '1971-10-17', 'BhqkkMKLkX'),
(335, 'Lucía', 'Domínguez', 'Gómez', 1, 'ludogo07', '1981-09-07', 'FzUHeCcpHr'),
(336, 'Renata', 'García', 'Palomino', 1, 'regapa12', '1984-03-12', 'OyyzmeToIr'),
(337, 'Zoe', 'Casanova', 'Sanchís', 1, 'zocasa09', '1979-12-09', 'lsZqnRrhrF'),
(338, 'Mario', 'Rodríguez', 'Bonet', 0, 'marobo28', '1980-06-28', 'IRSjWpUFXN'),
(339, 'Ariana', 'García', 'Palomino', 1, 'argapa21', '1993-08-21', 'NmraxuzXrU'),
(340, 'Michelle', 'Domínguez', 'Pérez', 1, 'midope26', '1994-08-26', 'NtWExcQVoC'),
(341, 'Ángel', 'Domínguez', 'Belmonte', 0, 'andobe14', '1987-10-14', 'wwDbfPgJeQ'),
(342, 'Isabel', 'Sanchís', 'Domínguez', 1, 'issado07', '1993-05-07', 'DDmwMScvsR'),
(343, 'Eduardo', 'Palomino', 'Palomino', 0, 'edpapa29', '1982-01-29', 'SSjTrltOLR'),
(344, 'María Fernanda', 'Montoya', 'González', 1, 'mamogo06', '1994-09-06', 'DGVvycnWSH'),
(345, 'Gabriela', 'Pérez', 'Hernández', 1, 'gapehe02', '1987-08-02', 'ByMBWtUTgV'),
(346, 'Damián', 'Pelayo', 'Bonet', 0, 'dapebo02', '1973-03-02', 'uItxmjeTwQ'),
(347, 'Alonso', 'Casanova', 'Gómez', 0, 'alcago28', '1993-09-28', 'CTrGyheFcj'),
(348, 'Fabiana', 'Ruiz', 'Sancho', 1, 'farusa29', '1994-10-29', 'gdAfmBsYUN'),
(349, 'Emiliano', 'Bonet', 'Ruiz', 0, 'emboru05', '1974-02-05', 'qauxMemaGf'),
(350, 'Pedro', 'Martínez', 'Ruiz', 0, 'pemaru05', '1981-08-05', 'uSKGvLDdXs'),
(351, 'Christian', 'García', 'López', 0, 'chgalo14', '1980-09-14', 'zaJEjHHOtl'),
(352, 'Juan David', 'Pérez', 'Rodríguez', 0, 'jupero22', '1971-05-22', 'OtpylEQPZE'),
(353, 'Rebeca', 'Domínguez', 'Montoya', 1, 'redomo27', '1994-01-27', 'vgdgSuMwBL'),
(354, 'Manuela', 'Hernández', 'García', 1, 'mahega16', '1993-07-16', 'VcRkqShDLS'),
(355, 'Bianca', 'Montoya', 'Gómez', 1, 'bimogo08', '1989-01-08', 'OXmFZhQmBl'),
(356, 'Ana Sofía', 'García', 'Rodríguez', 1, 'angaro21', '1987-06-21', 'YbDrSouPyT'),
(357, 'Ariadna', 'Casanova', 'Giménez', 1, 'arcagi17', '1971-12-17', 'niIYAzWnKu'),
(358, 'María Fernanda', 'Hernández', 'Sancho', 1, 'mahesa28', '1972-09-28', 'IAugoiLTCM'),
(359, 'Isaac', 'Pelayo', 'Alvarez', 0, 'ispeal13', '1986-05-13', 'sVqsPgUWCM'),
(360, 'Andrea', 'Sanchís', 'Ruiz', 1, 'ansaru11', '1972-12-11', 'TGsIHKDwkw'),
(361, 'Sara Sofía', 'Giménez', 'Casanova', 1, 'sagica30', '1990-05-30', 'PyWxJZIkpq'),
(362, 'Damián', 'Pérez', 'Belmonte', 0, 'dapebe28', '1992-12-28', 'AWcZPmITNZ'),
(363, 'Jazmín', 'Rodríguez', 'Domínguez', 1, 'jarodo17', '1983-03-17', 'XHbOuftVHc'),
(364, 'Dante', 'Pérez', 'Alvarez', 0, 'dapeal20', '1981-10-20', 'qNKxtzkrec'),
(365, 'Luciano', 'Martínez', 'Sanchís', 0, 'lumasa20', '1990-12-20', 'BXQYYOYZBB'),
(366, 'Lucas', 'Palomino', 'Palomino', 0, 'lupapa24', '1993-06-24', 'DiRbUGIBAu'),
(367, 'Jazmín', 'Belmonte', 'Sancho', 1, 'jabesa09', '1993-01-09', 'fcGhzqbRMX'),
(368, 'Joshua', 'Casanova', 'Alvarez', 0, 'jocaal21', '1991-05-21', 'TjHqMexLMV'),
(369, 'Aitana', 'Domínguez', 'García', 1, 'aidoga21', '1974-08-21', 'xvHWQCsKDD'),
(370, 'Sophie', 'Rodríguez', 'Giménez', 1, 'sorogi20', '1981-10-20', 'UGJgTsKFKY'),
(371, 'Valeria', 'Domínguez', 'Alvarez', 1, 'vadoal20', '1980-12-20', 'NzhpeTnfIc'),
(372, 'Axel', 'Ruiz', 'Montoya', 0, 'axrumo12', '1985-01-12', 'hFtditIhRb'),
(373, 'Francisco', 'Giménez', 'García', 0, 'frgiga17', '1971-08-17', 'fOnYNzQGbK'),
(374, 'Santiago', 'Casanova', 'Ruiz', 0, 'sacaru12', '1971-02-12', 'ywlIeEINHi'),
(375, 'Magdalena', 'Fernández', 'Alvarez', 1, 'mafeal24', '1991-08-24', 'QzezsbBtHh'),
(376, 'Salomé', 'Domínguez', 'Ruiz', 1, 'sadoru08', '1986-08-08', 'eQoKceBMEV'),
(377, 'Julieta', 'Gutierrez', 'Rodríguez', 1, 'juguro03', '1986-12-03', 'EeUvXTWmsR'),
(378, 'Sebastián', 'Palomino', 'Gutierrez', 0, 'sepagu03', '1987-12-03', 'KqOOFLXwpi'),
(379, 'Natalia', 'Sanchís', 'Hernández', 1, 'nasahe02', '1977-05-02', 'ukpsTNkKIe'),
(380, 'Alma', 'Bonet', 'Hernández', 1, 'albohe02', '1985-06-02', 'KwfEhHgQYz'),
(381, 'Tomas', 'Giménez', 'Bonet', 0, 'togibo10', '1990-02-10', 'PsdGMDXEXW'),
(382, 'Laura', 'Casanova', 'Giménez', 1, 'lacagi05', '1983-01-05', 'gdGhdHPonZ'),
(383, 'Josefina', 'Sanchís', 'Pelayo', 1, 'josape03', '1974-04-03', 'YnMIppCicc'),
(384, 'Josefina', 'Belmonte', 'Gómez', 1, 'jobego28', '1993-01-28', 'PSVawOuTgo'),
(385, 'Matthew', 'López', 'Alvarez', 0, 'maloal14', '1989-12-14', 'BsiRJBQKkZ'),
(386, 'Carla', 'López', 'González', 1, 'calogo11', '1982-01-11', 'bUCmEJPtyM'),
(387, 'Florencia', 'Martínez', 'Alvarez', 1, 'flmaal18', '1979-05-18', 'kxMZymSbWT'),
(388, 'Fátima', 'Domínguez', 'Palomino', 1, 'fadopa26', '1990-08-26', 'WUmOhusVsD'),
(389, 'Jorge', 'Sancho', 'Alvarez', 0, 'josaal09', '1971-04-09', 'MZcRrqnKiL'),
(390, 'Lautaro', 'Alvarez', 'Sancho', 0, 'laalsa18', '1972-03-18', 'RrvmEvMSvG'),
(391, 'Francisco', 'Belmonte', 'Sanchís', 0, 'frbesa21', '1973-03-21', 'KMWndAhrXY'),
(392, 'Manuel', 'Gómez', 'Giménez', 0, 'magogi01', '1994-11-01', 'CNayjyRote'),
(393, 'Sofía', 'Pérez', 'Ruiz', 1, 'soperu19', '1991-07-19', 'QPtaHvQGlH'),
(394, 'Alan', 'Giménez', 'Hernández', 0, 'algihe07', '1977-10-07', 'CXtrUoXymg'),
(395, 'Emmanuel', 'Gutierrez', 'Sancho', 0, 'emgusa02', '1976-03-02', 'xeKpsQHmOz'),
(396, 'Juan Esteban', 'Bonet', 'Gutierrez', 0, 'jubogu01', '1975-06-01', 'oDKBLeXRjD'),
(397, 'Rafaela', 'Pérez', 'González', 1, 'rapego11', '1980-11-11', 'XaXrhHQZqY'),
(398, 'Álvaro', 'González', 'Montoya', 0, 'algomo13', '1981-05-13', 'eITDDcWBrR'),
(399, 'Emiliano', 'Alvarez', 'Ruiz', 0, 'emalru03', '1994-11-03', 'kGwZPcWAZR'),
(400, 'Emily', 'Hernández', 'Casanova', 1, 'emheca09', '1995-09-09', 'vilWruUAhT'),
(401, 'Ian', 'Belmonte', 'González', 0, 'iabego15', '1985-07-15', 'yLMMHAzvnP'),
(402, 'Julieta', 'Giménez', 'Bonet', 1, 'jugibo26', '1986-04-26', 'BYkmjglNOJ'),
(403, 'Gabriela', 'González', 'Martínez', 1, 'gagoma12', '1971-12-12', 'xFdQLiYYFu'),
(404, 'Santino', 'Casanova', 'Giménez', 0, 'sacagi02', '1990-04-02', 'GHdYdTSnPY'),
(405, 'Montserrat', 'Palomino', 'Martínez', 1, 'mopama28', '1976-01-28', 'pCarQyRADj'),
(406, 'Dante', 'Alvarez', 'Martínez', 0, 'daalma13', '1988-11-13', 'qDhTOLYvmH'),
(407, 'Camila', 'Casanova', 'Alvarez', 1, 'cacaal03', '1990-03-03', 'yRLJIZLdfQ'),
(408, 'Juana', 'Ruiz', 'Fernández', 1, 'jurufe04', '1978-09-04', 'JcjuoAXuJv'),
(409, 'Camilo', 'Ruiz', 'Casanova', 0, 'caruca18', '1990-11-18', 'wAYhleNdrB'),
(410, 'Andrea', 'Gómez', 'Pelayo', 1, 'angope26', '1985-02-26', 'sZXzgLvBRN'),
(411, 'Daniel', 'López', 'Montoya', 0, 'dalomo26', '1994-07-26', 'UMskWAGmet'),
(412, 'Juana', 'Fernández', 'Bonet', 1, 'jufebo17', '1985-08-17', 'ENbLlhozaO'),
(413, 'Alma', 'Pelayo', 'Alvarez', 1, 'alpeal29', '1972-03-29', 'BwKBlvUELQ'),
(414, 'Christopher', 'Fernández', 'Belmonte', 0, 'chfebe15', '1971-04-15', 'bKvLVFlrpV'),
(415, 'Josefina', 'Sanchís', 'Fernández', 1, 'josafe11', '1989-01-11', 'pWFAPhJFtX'),
(416, 'Eduardo', 'Gutierrez', 'Sanchís', 0, 'edgusa17', '1994-10-17', 'HiyaCPkovC'),
(417, 'Ana Paula', 'Sanchís', 'Montoya', 1, 'ansamo23', '1993-01-23', 'wsCnsWLTvh'),
(418, 'Daniel', 'García', 'Casanova', 0, 'dagaca02', '1990-02-02', 'ijthbUINpM'),
(419, 'Benjamín', 'Bonet', 'Gómez', 0, 'bebogo05', '1992-03-05', 'vwRhVrwxOa'),
(420, 'Alma', 'Palomino', 'Sanchís', 1, 'alpasa22', '1989-04-22', 'WaTDBoFwuX'),
(421, 'Alexa', 'Bonet', 'Martínez', 1, 'alboma17', '1994-11-17', 'SELoKRulGd'),
(422, 'Montserrat', 'Casanova', 'Pérez', 1, 'mocape27', '1987-12-27', 'ZrntSSLeTm'),
(423, 'Valeria', 'Hernández', 'Sancho', 1, 'vahesa15', '1979-05-15', 'tAbIvpBOmm'),
(424, 'Zoe', 'Alvarez', 'Alvarez', 1, 'zoalal17', '1977-12-17', 'MQSpaGtrap'),
(425, 'Daniel', 'Montoya', 'Casanova', 0, 'damoca03', '1988-09-03', 'aWwVyYOyot'),
(426, 'Antonia', 'Giménez', 'Gutierrez', 1, 'angigu14', '1972-07-14', 'PbeuLBXRfG'),
(427, 'Samuel', 'Sancho', 'Belmonte', 0, 'sasabe27', '1984-02-27', 'xZexegiVQm'),
(428, 'María', 'Giménez', 'Alvarez', 1, 'magial03', '1993-12-03', 'upvetPSzek'),
(429, 'Emmanuel', 'López', 'Casanova', 0, 'emloca26', '1976-11-26', 'wrleOXqPGH'),
(430, 'Nicole', 'Giménez', 'Domínguez', 1, 'nigido27', '1971-01-27', 'TXvRkdpIYV'),
(431, 'María Paula', 'Fernández', 'Pérez', 1, 'mafepe22', '1972-10-22', 'TjcasOhiSP'),
(432, 'Magdalena', 'Bonet', 'Gómez', 1, 'mabogo30', '1971-03-30', 'ZKKCcuHmNq'),
(433, 'Eduardo', 'Rodríguez', 'Rodríguez', 0, 'edroro04', '1978-05-04', 'JKUMHdamTb'),
(434, 'María Paula', 'Giménez', 'Montoya', 1, 'magimo20', '1978-01-20', 'YASnMCQAqH'),
(435, 'Mariana', 'Pérez', 'Ruiz', 1, 'maperu25', '1986-04-25', 'oADDsJMtbm'),
(436, 'Emilia', 'Rodríguez', 'Montoya', 1, 'emromo31', '1991-10-31', 'HZdWeAkUGa'),
(437, 'Tomas', 'Domínguez', 'Pérez', 0, 'todope25', '1989-02-25', 'qnvrZplbAd'),
(438, 'Rebeca', 'Alvarez', 'Domínguez', 1, 'realdo03', '1978-07-03', 'chCtbSZUes'),
(439, 'Alan', 'Sanchís', 'Palomino', 0, 'alsapa10', '1972-06-10', 'dyqiJhqHLt'),
(440, 'Juan José', 'Gutierrez', 'Hernández', 0, 'juguhe22', '1989-04-22', 'AkPznBSibz'),
(441, 'Josefina', 'Montoya', 'Ruiz', 1, 'jomoru17', '1971-10-17', 'FeKGggLNEI'),
(442, 'Lautaro', 'Sanchís', 'González', 0, 'lasago14', '1984-02-14', 'JGfBKktjCo'),
(443, 'Gabriel', 'Palomino', 'Belmonte', 0, 'gapabe20', '1975-04-20', 'wBJevsFWfA'),
(444, 'Irene', 'Fernández', 'Giménez', 1, 'irfegi16', '1978-03-16', 'yEjWmjMjhU'),
(445, 'Josué', 'Sanchís', 'Martínez', 0, 'josama12', '1971-02-12', 'HfmpbzuhCa'),
(446, 'Manuel', 'Pérez', 'Hernández', 0, 'mapehe13', '1993-07-13', 'FNCXUJEocI'),
(447, 'Gabriel', 'Pelayo', 'Montoya', 0, 'gapemo30', '1985-11-30', 'siyNGmPQFd'),
(448, 'Ángel', 'Fernández', 'Gómez', 0, 'anfego23', '1971-02-23', 'wQlopDWNfR'),
(449, 'María', 'Hernández', 'Hernández', 1, 'mahehe14', '1976-04-14', 'llzjgwpLhN'),
(450, 'Julieta', 'Bonet', 'Belmonte', 1, 'jubobe04', '1976-03-04', 'XhNhYyFmAv'),
(451, 'Lorenzo', 'Gómez', 'Rodríguez', 0, 'logoro29', '1983-04-29', 'lYSQpQugjn'),
(452, 'Felipe', 'Alvarez', 'López', 0, 'feallo09', '1976-05-09', 'sYJQcqHeTV'),
(453, 'Alonso', 'González', 'Ruiz', 0, 'algoru13', '1990-12-13', 'YdtkcdtnRb'),
(454, 'Emma', 'Gutierrez', 'Gómez', 1, 'emgugo04', '1988-05-04', 'JoUniaEhwu'),
(455, 'Diego Alejandro', 'Fernández', 'González', 0, 'difego20', '1993-09-20', 'vUhYNzGNMq'),
(456, 'Ignacio', 'Hernández', 'Sanchís', 0, 'ighesa23', '1982-01-23', 'aPJFRKFOnH'),
(457, 'Alan', 'Casanova', 'Ruiz', 0, 'alcaru11', '1981-03-11', 'tNqLKiuVuU'),
(458, 'Valeria', 'Ruiz', 'Giménez', 1, 'varugi13', '1991-11-13', 'IJnDASRXUS'),
(459, 'Allison', 'Palomino', 'Fernández', 1, 'alpafe26', '1971-01-26', 'DseQnSSsGX'),
(460, 'Julián', 'González', 'Gómez', 0, 'jugogo07', '1972-05-07', 'kESWcfxxKv'),
(461, 'Julieta', 'Pérez', 'Giménez', 1, 'jupegi20', '1991-09-20', 'YnBTrSJhTw'),
(462, 'Jacobo', 'Giménez', 'Giménez', 0, 'jagigi15', '1995-12-15', 'ZyoPyErRTK'),
(463, 'Pablo', 'Pelayo', 'Pelayo', 0, 'papepe11', '1980-10-11', 'KRSswsBfgh'),
(464, 'Carla', 'Gutierrez', 'Gómez', 1, 'cagugo06', '1983-11-06', 'ZlUncnrBbR'),
(465, 'Josué', 'Fernández', 'López', 0, 'jofelo19', '1994-11-19', 'BVKldogCJu'),
(466, 'Irene', 'Rodríguez', 'Martínez', 1, 'irroma20', '1985-08-20', 'RUQGdqymCV'),
(467, 'Alexander', 'Martínez', 'García', 0, 'almaga17', '1983-11-17', 'geDQKCZyZn'),
(468, 'Aarón', 'Sanchís', 'Giménez', 0, 'aasagi07', '1981-11-07', 'mgDqgREEje'),
(469, 'Luciana', 'González', 'Domínguez', 1, 'lugodo24', '1995-11-24', 'qvYskmPity'),
(470, 'Antonella', 'Domínguez', 'Sanchís', 1, 'andosa26', '1995-05-26', 'HoDiCjryXG'),
(471, 'Benjamín', 'Sanchís', 'Montoya', 0, 'besamo24', '1993-03-24', 'hSxQzhUhkF'),
(472, 'Ignacio', 'García', 'Pelayo', 0, 'iggape20', '1993-04-20', 'lfsHeRBVPJ'),
(473, 'Lautaro', 'Gómez', 'Pérez', 0, 'lagope15', '1976-11-15', 'rXCPfESUjd'),
(474, 'Julieta', 'Palomino', 'López', 1, 'jupalo11', '1987-06-11', 'WaYwEEedMz'),
(475, 'Juan Diego', 'López', 'López', 0, 'julolo18', '1986-03-18', 'EpIWEIBIuf'),
(476, 'Ignacio', 'Belmonte', 'Ruiz', 0, 'igberu14', '1970-03-14', 'voweLuoMMk'),
(477, 'Bruno', 'Sanchís', 'Bonet', 0, 'brsabo11', '1980-02-11', 'PWlVZZquwO'),
(478, 'Cristóbal', 'Giménez', 'Martínez', 0, 'crgima03', '1986-02-03', 'mWYRjrZKgJ'),
(479, 'Catalina', 'García', 'Sanchís', 1, 'cagasa01', '1976-07-01', 'fPGSgZKyRD'),
(480, 'Antonio', 'Rodríguez', 'Rodríguez', 0, 'anroro22', '1970-11-22', 'BTpUapXBEE'),
(481, 'Miguel', 'Sanchís', 'Ruiz', 0, 'misaru01', '1970-03-01', 'sKLhbeUZJo'),
(482, 'Dylan', 'Hernández', 'Bonet', 0, 'dyhebo30', '1983-10-30', 'LHvLRBDPVj'),
(483, 'Ian', 'Montoya', 'Fernández', 0, 'iamofe19', '1984-04-19', 'oGdCUpBDWb'),
(484, 'María', 'Sanchís', 'Hernández', 1, 'masahe04', '1985-10-04', 'KUFTmbCXZi'),
(485, 'Franco', 'Martínez', 'Montoya', 0, 'frmamo25', '1974-02-25', 'MbdkCjDeNZ'),
(486, 'Joaquín', 'Gutierrez', 'Gómez', 0, 'jogugo05', '1980-07-05', 'dtuTDyrPWJ'),
(487, 'Guadalupe', 'Belmonte', 'Pérez', 1, 'gubepe18', '1978-08-18', 'FVKlfgPGqJ'),
(488, 'Juan Martín', 'Pérez', 'Gutierrez', 0, 'jupegu11', '1987-10-11', 'QcWWOqwcds'),
(489, 'Maite', 'Rodríguez', 'Palomino', 1, 'maropa17', '1980-11-17', 'fxDBywHLAk'),
(490, 'Luna', 'García', 'Pelayo', 1, 'lugape11', '1975-03-11', 'ZLalnbKYtO'),
(491, 'Eduardo', 'Bonet', 'Pelayo', 0, 'edbope12', '1971-02-12', 'bxruCLoIzR'),
(492, 'Sara', 'Gutierrez', 'Rodríguez', 1, 'saguro07', '1984-07-07', 'blAMPxAZBk'),
(493, 'Allison', 'Gómez', 'Palomino', 1, 'algopa16', '1970-03-16', 'KqUQPtjusN'),
(494, 'Emmanuel', 'Sancho', 'Gutierrez', 0, 'emsagu07', '1984-02-07', 'PUklNqrbCQ'),
(495, 'Martina', 'Rodríguez', 'Fernández', 1, 'marofe24', '1989-10-24', 'MQQDlwAjVE'),
(496, 'Valery', 'Domínguez', 'Fernández', 1, 'vadofe25', '1977-12-25', 'ynXWGYRXXw'),
(497, 'Carla', 'Hernández', 'Pérez', 1, 'cahepe26', '1977-02-26', 'saROEYakMv'),
(498, 'Alexander', 'Ruiz', 'Domínguez', 0, 'alrudo19', '1983-04-19', 'URbElPUmEY'),
(499, 'Jorge', 'Domínguez', 'Hernández', 0, 'jodohe16', '1986-07-16', 'krxdrECUQu'),
(500, 'Paulina', 'Sanchís', 'Ruiz', 1, 'pasaru29', '1983-11-29', 'gAZjhfcLOw'),
(501, 'Jesús', 'González', 'Hernández', 0, 'jegohe13', '1980-05-13', 'nyeVGfjnnP'),
(502, 'Julia', 'Gómez', 'Pelayo', 1, 'jugope02', '1985-06-02', 'iZaTyyhmBa'),
(503, 'Malena', 'Sanchís', 'Gutierrez', 1, 'masagu24', '1991-03-24', 'yvgDSjsUtv'),
(504, 'Sara Sofía', 'González', 'Montoya', 1, 'sagomo23', '1990-11-23', 'UuicJKmsyI'),
(505, 'Daniela', 'Belmonte', 'Gutierrez', 1, 'dabegu27', '1970-03-27', 'EgOIMEWoJK'),
(506, 'Franco', 'Pelayo', 'Martínez', 0, 'frpema06', '1992-02-06', 'oMOkrNmDvp'),
(507, 'Lucas', 'Palomino', 'Ruiz', 0, 'luparu18', '1973-10-18', 'aGUHpnVzJO'),
(508, 'Natalia', 'Gómez', 'López', 1, 'nagolo13', '1971-12-13', 'RUFzYLCEng'),
(509, 'Andrea', 'Bonet', 'Rodríguez', 1, 'anboro20', '1989-05-20', 'okUpXBgGKu'),
(510, 'Valentino', 'García', 'Domínguez', 0, 'vagado17', '1970-07-17', 'cCWMfpNJLx'),
(511, 'María Camila', 'Gómez', 'Bonet', 1, 'magobo25', '1984-01-25', 'ymvhebgqXC'),
(512, 'Juan Esteban', 'Sanchís', 'Pelayo', 0, 'jusape18', '1983-12-18', 'zcEqLxrmli'),
(513, 'Alexa', 'López', 'Gómez', 1, 'allogo12', '1977-11-12', 'RfDAcllsEc'),
(514, 'Zoe', 'Domínguez', 'Ruiz', 1, 'zodoru20', '1987-09-20', 'xaoDfyJPOo'),
(515, 'Valentín', 'Gómez', 'Gutierrez', 0, 'vagogu25', '1977-02-25', 'jyMCoBxkDH'),
(516, 'Mariana', 'Gómez', 'Palomino', 1, 'magopa12', '1971-07-12', 'EtqnkfZvUm'),
(517, 'Santino', 'Fernández', 'Pelayo', 0, 'safepe29', '1972-08-29', 'lCqBhwISwe'),
(518, 'Valery', 'Giménez', 'Gutierrez', 1, 'vagigu24', '1970-09-24', 'SlaocWZiEu'),
(519, 'María Fernanda', 'Ruiz', 'Bonet', 1, 'marubo23', '1994-11-23', 'ydWbMojwxB'),
(520, 'Julián', 'Alvarez', 'Bonet', 0, 'jualbo05', '1988-09-05', 'IoCSshlOjs'),
(521, 'Rebeca', 'González', 'García', 1, 'regoga02', '1978-12-02', 'IDWYBpNwDX'),
(522, 'Christopher', 'Belmonte', 'Sancho', 0, 'chbesa11', '1993-10-11', 'amxMSQDlCZ'),
(523, 'Olivia', 'González', 'Montoya', 1, 'olgomo03', '1989-11-03', 'NSiLJtIDmO'),
(524, 'Abril', 'Palomino', 'Gómez', 1, 'abpago12', '1992-01-12', 'hnokVhnwPg'),
(525, 'Abigail', 'González', 'Montoya', 1, 'abgomo03', '1989-07-03', 'QqzuFwkxoB'),
(526, 'Violeta', 'Palomino', 'Pérez', 1, 'vipape29', '1994-04-29', 'ZaOQgQxnIt'),
(527, 'Alexa', 'Giménez', 'Pérez', 1, 'algipe06', '1987-03-06', 'EByAQyYMKt'),
(528, 'Antonella', 'Palomino', 'López', 1, 'anpalo14', '1985-10-14', 'oxppnombdC'),
(529, 'Juan Diego', 'Sancho', 'Ruiz', 0, 'jusaru05', '1977-04-05', 'zKZmkKNyRb'),
(530, 'Carlos', 'Gutierrez', 'Fernández', 0, 'cagufe16', '1993-11-16', 'eimfUevKFJ'),
(531, 'Juana', 'Rodríguez', 'Alvarez', 1, 'juroal04', '1981-04-04', 'ikfdEnGDXa'),
(532, 'Salomé', 'González', 'Gómez', 1, 'sagogo04', '1976-03-04', 'EGXpflKAiE'),
(533, 'Magdalena', 'Pérez', 'García', 1, 'mapega10', '1980-08-10', 'ZReNJsTWWI'),
(534, 'Jesús', 'Pérez', 'González', 0, 'jepego26', '1989-11-26', 'JnnOufcdps'),
(535, 'Malena', 'García', 'Fernández', 1, 'magafe03', '1994-02-03', 'fuEAlbPxgb'),
(536, 'Amelia', 'Gutierrez', 'López', 1, 'amgulo29', '1987-09-29', 'jFFxSVlTQt'),
(537, 'Emilio', 'Martínez', 'González', 0, 'emmago11', '1994-11-11', 'axwnKKrUjK'),
(538, 'Manuel', 'Domínguez', 'Pérez', 0, 'madope02', '1982-06-02', 'PjnsSgXLoM'),
(539, 'Camila', 'Domínguez', 'Gómez', 1, 'cadogo23', '1993-05-23', 'CSlfXvuCFr'),
(540, 'Álvaro', 'García', 'Belmonte', 0, 'algabe05', '1990-02-05', 'ClwXaFbNvg'),
(541, 'Jimena', 'Sanchís', 'Sancho', 1, 'jisasa31', '1979-10-31', 'YVhrLdQgjk'),
(542, 'Olivia', 'Ruiz', 'Pelayo', 1, 'olrupe10', '1981-09-10', 'aKhwnJEXIw'),
(543, 'Mariana', 'Alvarez', 'Martínez', 1, 'maalma09', '1984-08-09', 'xHrQLtTdMd'),
(544, 'Ashley', 'Ruiz', 'Hernández', 1, 'asruhe19', '1975-06-19', 'jLRodPYexP'),
(545, 'Violeta', 'Bonet', 'González', 1, 'vibogo16', '1986-03-16', 'dqTuYuBxIr'),
(546, 'Sofía', 'Sanchís', 'García', 1, 'sosaga12', '1974-08-12', 'QmDLtRmbUU'),
(547, 'Mariangel', 'Casanova', 'Gómez', 1, 'macago05', '1972-07-05', 'tgePqyKppk'),
(548, 'Alex', 'Gutierrez', 'Rodríguez', 0, 'alguro19', '1984-09-19', 'MBgKCuoqIy'),
(549, 'María José', 'Sancho', 'Giménez', 1, 'masagi05', '1975-03-05', 'LgaeynHyfn'),
(550, 'Clara', 'Ruiz', 'Sanchís', 1, 'clrusa17', '1974-03-17', 'oVeIElFHYG'),
(551, 'Santiago', 'Belmonte', 'Fernández', 0, 'sabefe12', '1977-10-12', 'skXHbhIZkM'),
(552, 'Dylan', 'López', 'García', 0, 'dyloga05', '1994-04-05', 'cDdeyQSSho'),
(553, 'Leonardo', 'Alvarez', 'Sanchís', 0, 'lealsa15', '1977-11-15', 'JbznmlinCA'),
(554, 'Ignacio', 'Palomino', 'Martínez', 0, 'igpama08', '1991-10-08', 'vJJCaYskHL'),
(555, 'Cristóbal', 'Fernández', 'Pelayo', 0, 'crfepe09', '1974-02-09', 'nwHOzwRufi'),
(556, 'Mateo', 'Fernández', 'Rodríguez', 0, 'mafero21', '1972-04-21', 'GczXZwjnwr'),
(557, 'Felipe', 'Fernández', 'Alvarez', 0, 'fefeal13', '1979-01-13', 'DlIEJPfOMl'),
(558, 'Carla', 'Montoya', 'García', 1, 'camoga06', '1982-03-06', 'CUzitzEFXX'),
(559, 'Cristóbal', 'Gómez', 'Palomino', 0, 'crgopa30', '1981-04-30', 'qDXwoLrHni'),
(560, 'Alessandra', 'Hernández', 'García', 1, 'alhega25', '1975-01-25', 'ZELUCJSrxc'),
(561, 'Agustina', 'Pelayo', 'Ruiz', 1, 'agperu15', '1994-06-15', 'kPVPnPueCC'),
(562, 'Lola', 'Sancho', 'Alvarez', 1, 'losaal25', '1984-10-25', 'EISXrabNNm'),
(563, 'Christian', 'Bonet', 'Ruiz', 0, 'chboru28', '1971-01-28', 'dLSNFOPThN'),
(564, 'Ivanna', 'Belmonte', 'Hernández', 1, 'ivbehe01', '1973-05-01', 'AYmdZKMcyw'),
(565, 'Ashley', 'Sanchís', 'Rodríguez', 1, 'assaro15', '1981-09-15', 'eUjLbggjRc'),
(566, 'Carla', 'González', 'Domínguez', 1, 'cagodo07', '1989-09-07', 'sauNvboHIK'),
(567, 'Damián', 'Montoya', 'Sancho', 0, 'damosa07', '1989-06-07', 'uaAOLYEJvP'),
(568, 'Mía', 'Pérez', 'Fernández', 1, 'mipefe01', '1994-12-01', 'jggktNLDUS'),
(569, 'Camila', 'Sanchís', 'Fernández', 1, 'casafe22', '1983-08-22', 'XFsIQcmWpr'),
(570, 'Pedro', 'Ruiz', 'Hernández', 0, 'peruhe05', '1985-02-05', 'ADIVuzKkSX'),
(571, 'Maximiliano', 'Sancho', 'Alvarez', 0, 'masaal22', '1985-02-22', 'keKizONiME'),
(572, 'Diego Alejandro', 'Bonet', 'Rodríguez', 0, 'diboro25', '1987-07-25', 'JTGHLRcVbM'),
(573, 'Valery', 'Gómez', 'Sanchís', 1, 'vagosa18', '1977-02-18', 'oQANfWZqbD'),
(574, 'Olivia', 'Gutierrez', 'Montoya', 1, 'olgumo30', '1988-07-30', 'SfFduYrJvg'),
(575, 'Sebastián', 'López', 'Bonet', 0, 'selobo19', '1981-10-19', 'aNYUIpLyNk'),
(576, 'Mario', 'Palomino', 'Bonet', 0, 'mapabo30', '1986-08-30', 'HQEUtrsLPN'),
(577, 'Martina', 'Gómez', 'Alvarez', 1, 'magoal15', '1979-08-15', 'XQZNzxvUZp'),
(578, 'Jacobo', 'López', 'Gómez', 0, 'jalogo19', '1989-05-19', 'iOLvqxLJAc'),
(579, 'Mateo', 'Ruiz', 'Gómez', 0, 'marugo31', '1982-07-31', 'lNrZknJbcI'),
(580, 'Eduardo', 'González', 'Gutierrez', 0, 'edgogu03', '1993-06-03', 'YWcgtUpNoZ'),
(581, 'Diego', 'Hernández', 'Sancho', 0, 'dihesa23', '1982-11-23', 'XNxzWhRKhj'),
(582, 'Regina', 'Giménez', 'Gutierrez', 1, 'regigu17', '1986-02-17', 'hWeufjnWbj'),
(583, 'Mariangel', 'Martínez', 'López', 1, 'mamalo25', '1986-12-25', 'rEJWDURUjZ'),
(584, 'Esteban', 'Pelayo', 'Sancho', 0, 'espesa01', '1984-12-01', 'wuFtwcGvrv'),
(585, 'Carla', 'Palomino', 'Palomino', 1, 'capapa08', '1992-09-08', 'YbEeFIvgxR'),
(586, 'Delfina', 'Rodríguez', 'Martínez', 1, 'deroma27', '1993-02-27', 'qOQbliWDhO'),
(587, 'Miguel Ángel', 'Casanova', 'Gómez', 0, 'micago09', '1974-02-09', 'LpDdPvnhPc'),
(588, 'Carolina', 'Sanchís', 'Pelayo', 1, 'casape15', '1986-07-15', 'xhXCTwkdXA'),
(589, 'Elías', 'Martínez', 'Giménez', 0, 'elmagi24', '1980-06-24', 'slWKzgwyMR'),
(590, 'Nicole', 'Fernández', 'Fernández', 1, 'nifefe06', '1978-12-06', 'LJKMaEvjrH'),
(591, 'Abril', 'Sanchís', 'Casanova', 1, 'absaca05', '1993-12-05', 'FGcVDnznMh'),
(592, 'Joaquín', 'Gutierrez', 'Bonet', 0, 'jogubo22', '1975-04-22', 'WDpglymsOn'),
(593, 'Isaac', 'Montoya', 'Palomino', 0, 'ismopa17', '1985-02-17', 'LmsVzrXmmM'),
(594, 'Alexander', 'Sancho', 'Belmonte', 0, 'alsabe03', '1970-03-03', 'JogHsevxjl'),
(595, 'Julieta', 'Pérez', 'Belmonte', 1, 'jupebe08', '1970-02-08', 'qVBssXcDoJ'),
(596, 'Leonardo', 'Sanchís', 'Palomino', 0, 'lesapa17', '1994-08-17', 'xYTJQOzoog'),
(597, 'Violeta', 'Casanova', 'Ruiz', 1, 'vicaru30', '1971-09-30', 'eaCUCecqai'),
(598, 'Manuela', 'Martínez', 'García', 1, 'mamaga23', '1986-01-23', 'tcesbPBvUt'),
(599, 'Montserrat', 'López', 'Gutierrez', 1, 'mologu20', '1973-10-20', 'VsUKhUtHps'),
(600, 'Juana', 'Ruiz', 'Rodríguez', 1, 'jururo27', '1976-11-27', 'xllmRdTqft'),
(601, 'Isabel', 'Palomino', 'Belmonte', 1, 'ispabe05', '1995-05-05', 'zgjaYkxQhb'),
(602, 'Andrés', 'Hernández', 'Palomino', 0, 'anhepa05', '1990-03-05', 'sULwAjvvtm'),
(603, 'Michelle', 'Casanova', 'Alvarez', 1, 'micaal14', '1993-01-14', 'djFJwzVMHA'),
(604, 'Ivanna', 'Pelayo', 'Montoya', 1, 'ivpemo30', '1973-07-30', 'OgPoJGNpjC'),
(605, 'Clara', 'Casanova', 'Fernández', 1, 'clcafe20', '1977-09-20', 'nqmoVSMIPR'),
(606, 'Martín', 'Bonet', 'Belmonte', 0, 'mabobe22', '1976-06-22', 'ijNkyWnHcZ'),
(607, 'María Fernanda', 'Montoya', 'Belmonte', 1, 'mamobe15', '1984-01-15', 'jZZoXwwqxW'),
(608, 'María José', 'Casanova', 'Hernández', 1, 'macahe29', '1976-12-29', 'kWlBCvPoQj'),
(609, 'Miranda', 'Giménez', 'González', 1, 'migigo15', '1979-03-15', 'RKTqgvYkXa'),
(610, 'Elizabeth', 'Belmonte', 'Domínguez', 1, 'elbedo30', '1983-12-30', 'ALziIqKwuG'),
(611, 'Mariangel', 'Hernández', 'Bonet', 1, 'mahebo20', '1994-02-20', 'acIEvlIyyS'),
(612, 'Maite', 'Alvarez', 'Palomino', 1, 'maalpa10', '1986-10-10', 'oJQIrNBmJM'),
(613, 'Mateo', 'Pelayo', 'Montoya', 0, 'mapemo20', '1985-07-20', 'VWtZJOTgbs'),
(614, 'Violeta', 'Pérez', 'García', 1, 'vipega03', '1982-09-03', 'PkHWxPeadG'),
(615, 'María José', 'Casanova', 'Gutierrez', 1, 'macagu30', '1977-08-30', 'oVVqfSfBHE'),
(616, 'Simón', 'Sanchís', 'Ruiz', 0, 'sisaru24', '1978-12-24', 'oEPCWDtOUL'),
(617, 'Tomas', 'Bonet', 'Gómez', 0, 'tobogo13', '1993-09-13', 'FiTMleqIqE'),
(618, 'Antonella', 'Belmonte', 'Sanchís', 1, 'anbesa17', '1975-10-17', 'mCaGScbgPG');
INSERT INTO `usuario` (`id`, `nombre`, `ape1`, `ape2`, `sexo`, `login`, `fnac`, `password`) VALUES
(619, 'Rodrigo', 'Ruiz', 'Domínguez', 0, 'rorudo12', '1977-05-12', 'YSyBzObxxa'),
(620, 'Samantha', 'Rodríguez', 'Alvarez', 1, 'saroal20', '1988-09-20', 'wsTBIiBAHT'),
(621, 'Allison', 'Ruiz', 'Pérez', 1, 'alrupe10', '1987-10-10', 'ENYBUWKhiU'),
(622, 'Natalia', 'Bonet', 'Palomino', 1, 'nabopa10', '1984-08-10', 'gQIWmkxgNb'),
(623, 'Emmanuel', 'Rodríguez', 'Domínguez', 0, 'emrodo03', '1988-11-03', 'DDdVFYTAEU'),
(624, 'Bianca', 'Giménez', 'Gutierrez', 1, 'bigigu26', '1973-08-26', 'guwhkMgFmW'),
(625, 'Manuela', 'Sancho', 'Domínguez', 1, 'masado24', '1981-10-24', 'oaiqaeqEaM'),
(626, 'Elías', 'López', 'Montoya', 0, 'ellomo03', '1985-08-03', 'SYZwtDSNZF'),
(627, 'Fátima', 'Domínguez', 'Giménez', 1, 'fadogi17', '1984-07-17', 'OSwnFsKOye'),
(628, 'Carla', 'Martínez', 'Rodríguez', 1, 'camaro07', '1991-11-07', 'AgaZEosaGh'),
(629, 'Ian', 'Casanova', 'Domínguez', 0, 'iacado31', '1985-10-31', 'nylyuECWiz'),
(630, 'Iker', 'Rodríguez', 'Sancho', 0, 'ikrosa28', '1973-10-28', 'ajFNkCgHdV'),
(631, 'Matías', 'Belmonte', 'Hernández', 0, 'mabehe15', '1982-09-15', 'ExcFXlcLVB'),
(632, 'Benjamín', 'Martínez', 'Fernández', 0, 'bemafe16', '1975-08-16', 'feydPlULhu'),
(633, 'María José', 'Sanchís', 'Sanchís', 1, 'masasa13', '1985-08-13', 'vtqxloxfvu'),
(634, 'Nicole', 'Hernández', 'Montoya', 1, 'nihemo22', '1978-01-22', 'mYKZfYwsOY'),
(635, 'Jazmín', 'Pelayo', 'García', 1, 'japega14', '1974-11-14', 'xSxyPgTSSf'),
(636, 'Martina', 'Montoya', 'Palomino', 1, 'mamopa25', '1986-08-25', 'LcBYoClOck'),
(637, 'Irene', 'Montoya', 'Martínez', 1, 'irmoma16', '1994-10-16', 'BDjzWURMyw'),
(638, 'Emilia', 'Sanchís', 'García', 1, 'emsaga17', '1988-11-17', 'obwNLKSgky'),
(639, 'Sophie', 'Hernández', 'Gutierrez', 1, 'sohegu29', '1983-05-29', 'ZviMdJRrcl'),
(640, 'Bruno', 'Ruiz', 'Sanchís', 0, 'brrusa28', '1979-01-28', 'toWXkFotdi'),
(641, 'Emma', 'Giménez', 'Domínguez', 1, 'emgido02', '1972-09-02', 'yHWEoGNTiw'),
(642, 'Martina', 'Giménez', 'Bonet', 1, 'magibo21', '1993-07-21', 'CJPNmJapPv'),
(643, 'Fabiana', 'González', 'García', 1, 'fagoga16', '1973-07-16', 'RjlMMTQDVw'),
(644, 'Álvaro', 'Pérez', 'García', 0, 'alpega20', '1973-12-20', 'JsPHEobHLA'),
(645, 'Isabel', 'López', 'Palomino', 1, 'islopa12', '1985-05-12', 'YCVAEUIjwc'),
(646, 'Kevin', 'Alvarez', 'Giménez', 0, 'kealgi27', '1993-12-27', 'ggBVygoiOm'),
(647, 'Eduardo', 'Domínguez', 'Ruiz', 0, 'eddoru03', '1982-06-03', 'QnqUFrFZtF'),
(648, 'Ariana', 'López', 'Montoya', 1, 'arlomo11', '1985-09-11', 'asUBdfrCOT'),
(649, 'Miguel', 'Pelayo', 'Gutierrez', 0, 'mipegu22', '1988-08-22', 'QrocoXSjia'),
(650, 'Maximiliano', 'Montoya', 'Ruiz', 0, 'mamoru19', '1990-05-19', 'itsOgopVAt'),
(651, 'Mía', 'Sancho', 'Bonet', 1, 'misabo13', '1973-09-13', 'zOEGDWSEKp'),
(652, 'Agustina', 'Pérez', 'Giménez', 1, 'agpegi25', '1994-08-25', 'nLXrMDLuwn'),
(653, 'Elena', 'García', 'Ruiz', 1, 'elgaru16', '1975-02-16', 'PyFnrFDaPw'),
(654, 'Luana', 'Palomino', 'Martínez', 1, 'lupama10', '1981-12-10', 'GSyXZnXHsm'),
(655, 'Isidora', 'Alvarez', 'Sanchís', 1, 'isalsa16', '1974-02-16', 'TwaMkDuOFz'),
(656, 'Natalia', 'López', 'Hernández', 1, 'nalohe02', '1992-12-02', 'tmSZzqBDEm'),
(657, 'Hugo', 'Bonet', 'Belmonte', 0, 'hubobe05', '1994-03-05', 'ZkhdnHtkOd'),
(658, 'Carla', 'Giménez', 'Belmonte', 1, 'cagibe05', '1987-05-05', 'NNktuwtCpK'),
(659, 'Micaela', 'Sanchís', 'Giménez', 1, 'misagi27', '1981-08-27', 'IGphUkzacJ'),
(660, 'Jerónimo', 'Palomino', 'Rodríguez', 0, 'jeparo03', '1972-05-03', 'xTbCtKRUVp'),
(661, 'Isaac', 'Sanchís', 'Palomino', 0, 'issapa28', '1984-01-28', 'MFhSUDsZHP'),
(662, 'Catalina', 'González', 'Belmonte', 1, 'cagobe29', '1988-03-29', 'CfWOvaRujh'),
(663, 'Camilo', 'Bonet', 'Gutierrez', 0, 'cabogu07', '1986-08-07', 'ziKbpXMCzs'),
(664, 'Constanza', 'González', 'Giménez', 1, 'cogogi23', '1988-05-23', 'KJALGfUdXC'),
(665, 'Esteban', 'Belmonte', 'López', 0, 'esbelo06', '1980-01-06', 'kCWlKRxFnh'),
(666, 'Gael', 'Giménez', 'Montoya', 0, 'gagimo04', '1993-07-04', 'WyshwdANOI'),
(667, 'Alexa', 'Pérez', 'Montoya', 1, 'alpemo12', '1989-04-12', 'NCXskHPmQA'),
(668, 'Pedro', 'Giménez', 'Giménez', 0, 'pegigi04', '1989-08-04', 'LxsoIIpPbv'),
(669, 'Gabriel', 'Fernández', 'Bonet', 0, 'gafebo23', '1985-04-23', 'mxUUVBAguQ'),
(670, 'Dylan', 'Sanchís', 'González', 0, 'dysago11', '1980-07-11', 'swOcAMVajc'),
(671, 'Salomé', 'Giménez', 'López', 1, 'sagilo09', '1973-09-09', 'zNtTYnLrHc'),
(672, 'Luana', 'Belmonte', 'García', 1, 'lubega03', '1977-09-03', 'YKLkDOCelK'),
(673, 'Nicole', 'Montoya', 'García', 1, 'nimoga21', '1988-05-21', 'iUjVlGKrBx'),
(674, 'Esteban', 'Casanova', 'Belmonte', 0, 'escabe28', '1990-03-28', 'JRUnZYBMwb'),
(675, 'Maximiliano', 'Montoya', 'Giménez', 0, 'mamogi17', '1987-09-17', 'QVgrmViiwS'),
(676, 'Manuela', 'Martínez', 'Rodríguez', 1, 'mamaro25', '1981-03-25', 'udhFPWAihR'),
(677, 'Rafaela', 'Domínguez', 'García', 1, 'radoga28', '1971-01-28', 'OaFInuBeho'),
(678, 'Andrea', 'Montoya', 'Sancho', 1, 'anmosa19', '1980-03-19', 'FzDeYrZYig'),
(679, 'Matthew', 'Fernández', 'Montoya', 0, 'mafemo26', '1978-04-26', 'sdsqiLliNQ'),
(680, 'Laura', 'Montoya', 'Fernández', 1, 'lamofe22', '1982-03-22', 'foKprxoAMm'),
(681, 'Mía', 'Hernández', 'Domínguez', 1, 'mihedo15', '1993-08-15', 'fPasGMkKde'),
(682, 'Juan Pablo', 'Sancho', 'Ruiz', 0, 'jusaru25', '1994-06-25', 'xVaYcxrcBK'),
(683, 'Bautista', 'Domínguez', 'Casanova', 0, 'badoca21', '1991-04-21', 'tbSnYkgxGH'),
(684, 'María', 'Belmonte', 'Palomino', 1, 'mabepa25', '1981-11-25', 'zDovOAMEUa'),
(685, 'Elías', 'Sancho', 'López', 0, 'elsalo02', '1979-01-02', 'EkQzKvJTrb'),
(686, 'Montserrat', 'Sanchís', 'López', 1, 'mosalo30', '1972-05-30', 'vBhWTAXYrQ'),
(687, 'Juan Diego', 'Fernández', 'Fernández', 0, 'jufefe18', '1976-01-18', 'MstdgCyYVA'),
(688, 'Adrián', 'González', 'Hernández', 0, 'adgohe08', '1992-08-08', 'lrEAoTHKgO'),
(689, 'Emmanuel', 'Palomino', 'Fernández', 0, 'empafe05', '1990-01-05', 'YZjAepXGiK'),
(690, 'Delfina', 'Gutierrez', 'Sanchís', 1, 'degusa19', '1977-04-19', 'nLknZrEHkm'),
(691, 'Elizabeth', 'Casanova', 'Hernández', 1, 'elcahe12', '1994-10-12', 'FuvTFuBiDB'),
(692, 'Gael', 'Rodríguez', 'Bonet', 0, 'garobo14', '1979-12-14', 'IKAFlmBxcI'),
(693, 'Juan David', 'López', 'Gómez', 0, 'julogo05', '1981-08-05', 'BFmELGcOyi'),
(694, 'Thiago', 'Rodríguez', 'Sancho', 0, 'throsa25', '1987-01-25', 'ryESBAazeg'),
(695, 'Jesús', 'Sanchís', 'Giménez', 0, 'jesagi21', '1992-11-21', 'frTCbHRZqd'),
(696, 'Julia', 'García', 'Domínguez', 1, 'jugado17', '1991-12-17', 'oVdSJhZwSH'),
(697, 'Ashley', 'Hernández', 'López', 1, 'ashelo18', '1979-12-18', 'bLcCIYsqtk'),
(698, 'Hugo', 'Martínez', 'Sanchís', 0, 'humasa18', '1973-08-18', 'jPWYcjNaPX'),
(699, 'Malena', 'Sanchís', 'Belmonte', 1, 'masabe17', '1983-09-17', 'CxdgOzbMYW'),
(700, 'María Fernanda', 'Ruiz', 'Domínguez', 1, 'marudo06', '1994-07-06', 'wULmLtKxJX'),
(701, 'Constanza', 'Giménez', 'Casanova', 1, 'cogica27', '1976-12-27', 'jCCYHEHDqw'),
(702, 'Axel', 'Sancho', 'Domínguez', 0, 'axsado20', '1972-05-20', 'sUtOxTyHUi'),
(703, 'Juana', 'Ruiz', 'Ruiz', 1, 'jururu17', '1976-05-17', 'OuEiXLTfin'),
(704, 'Emiliano', 'Pérez', 'Alvarez', 0, 'empeal28', '1974-09-28', 'aFuJAdaaZO'),
(705, 'Lola', 'Martínez', 'Gómez', 1, 'lomago08', '1970-05-08', 'FqgueklZkP'),
(706, 'María', 'Domínguez', 'Pérez', 1, 'madope07', '1977-05-07', 'XVoXTSuIBa'),
(707, 'Lucía', 'Alvarez', 'Domínguez', 1, 'lualdo01', '1978-03-01', 'RzzaqkHaNy'),
(708, 'Elías', 'Gutierrez', 'Sanchís', 0, 'elgusa28', '1983-10-28', 'KtFmkqntJe'),
(709, 'Magdalena', 'Ruiz', 'Pérez', 1, 'marupe14', '1972-12-14', 'tiwJdqaVgT'),
(710, 'Leonardo', 'Domínguez', 'Palomino', 0, 'ledopa18', '1986-06-18', 'lAOrIHzqHc'),
(711, 'Salomé', 'Sancho', 'Pérez', 1, 'sasape08', '1994-11-08', 'enuSdzFJNJ'),
(712, 'Lola', 'Fernández', 'Belmonte', 1, 'lofebe23', '1990-08-23', 'YpEUFwwLsR'),
(713, 'Santiago', 'Pelayo', 'López', 0, 'sapelo20', '1983-02-20', 'giEDJTLWfu'),
(714, 'Juan José', 'Hernández', 'Gómez', 0, 'juhego07', '1970-07-07', 'XgfGyfFVoW'),
(715, 'Olivia', 'Rodríguez', 'Gómez', 1, 'olrogo26', '1984-08-26', 'uSaSQSOENy'),
(716, 'Axel', 'Hernández', 'Martínez', 0, 'axhema07', '1994-11-07', 'CwwhKJQgrd'),
(717, 'Elías', 'Palomino', 'Bonet', 0, 'elpabo16', '1986-02-16', 'IZOmtzQerP'),
(718, 'Gabriel', 'Hernández', 'González', 0, 'gahego21', '1982-03-21', 'YPCWlEpvcT'),
(719, 'Dylan', 'Pelayo', 'Sancho', 0, 'dypesa24', '1986-01-24', 'RLrUbkcBXW'),
(720, 'Valentín', 'Gómez', 'García', 0, 'vagoga07', '1991-11-07', 'VfatVOVxLG'),
(721, 'Manuel', 'López', 'Pelayo', 0, 'malope09', '1985-04-09', 'qIjoHfOSGY'),
(722, 'Elena', 'Sanchís', 'García', 1, 'elsaga06', '1980-12-06', 'sanJrJQNPo'),
(723, 'Emilia', 'Ruiz', 'Sanchís', 1, 'emrusa05', '1971-05-05', 'EnwFSCpDNY'),
(724, 'Josefina', 'Fernández', 'Gutierrez', 1, 'jofegu15', '1984-02-15', 'eblfnIicoH'),
(725, 'Francisco', 'Giménez', 'Ruiz', 0, 'frgiru15', '1987-07-15', 'uMnuJWXToV'),
(726, 'Bautista', 'Belmonte', 'Alvarez', 0, 'babeal13', '1991-07-13', 'PRPdUYCFyh'),
(727, 'Ricardo', 'Fernández', 'Ruiz', 0, 'riferu06', '1991-12-06', 'dHXSGualOi'),
(728, 'Anthony', 'Ruiz', 'López', 0, 'anrulo02', '1990-07-02', 'vDVKhomEvJ'),
(729, 'Eduardo', 'Palomino', 'Sanchís', 0, 'edpasa14', '1979-10-14', 'RNvOznNxZD'),
(730, 'Jacobo', 'Alvarez', 'Montoya', 0, 'jaalmo27', '1990-11-27', 'GlkfTAOgcG'),
(731, 'Laura', 'Montoya', 'Sancho', 1, 'lamosa13', '1985-06-13', 'CEYBoBWrLJ'),
(732, 'Francisco', 'Domínguez', 'Domínguez', 0, 'frdodo21', '1994-10-21', 'PIcqjyavNI'),
(733, 'Carla', 'Pérez', 'Fernández', 1, 'capefe28', '1988-04-28', 'MhacTlHPuO'),
(734, 'Nicole', 'García', 'Sanchís', 1, 'nigasa23', '1993-08-23', 'cBjbsoVZSp'),
(735, 'Ariadna', 'Ruiz', 'Ruiz', 1, 'arruru27', '1974-08-27', 'VsTUQUgxrO'),
(736, 'Isidora', 'Pérez', 'González', 1, 'ispego23', '1973-05-23', 'NfEdEVTkho'),
(737, 'Damián', 'Gómez', 'Casanova', 0, 'dagoca10', '1980-03-10', 'ZsRWTwjiHk'),
(738, 'Simón', 'Fernández', 'Martínez', 0, 'sifema17', '1993-04-17', 'dlHwakStOL'),
(739, 'Eduardo', 'Pelayo', 'Palomino', 0, 'edpepa19', '1991-12-19', 'OLtgHQcIvw'),
(740, 'Gabriel', 'Gutierrez', 'López', 0, 'gagulo27', '1972-01-27', 'btJBBjfjXz'),
(741, 'Nicole', 'Bonet', 'Sancho', 1, 'nibosa05', '1978-10-05', 'eqLBfNbByw'),
(742, 'Ivanna', 'Belmonte', 'Belmonte', 1, 'ivbebe31', '1984-10-31', 'BUqMpucqYC'),
(743, 'Máximo', 'Palomino', 'García', 0, 'mapaga28', '1982-12-28', 'VgFuPiiXXw'),
(744, 'María Camila', 'Domínguez', 'Ruiz', 1, 'madoru16', '1993-12-16', 'bMzxiSyyZt'),
(745, 'Gabriela', 'González', 'Rodríguez', 1, 'gagoro31', '1994-01-31', 'MqOhBSXpsi'),
(746, 'María', 'Domínguez', 'Gómez', 1, 'madogo03', '1980-10-03', 'ToNngNAZva'),
(747, 'Allison', 'Bonet', 'Alvarez', 1, 'alboal27', '1976-07-27', 'YNvoifyjfM'),
(748, 'Juan Pablo', 'López', 'Belmonte', 0, 'julobe05', '1987-09-05', 'KguQKOFfJV'),
(749, 'Fátima', 'López', 'Alvarez', 1, 'faloal30', '1992-06-30', 'PiOZmTPDos'),
(750, 'Valentín', 'Belmonte', 'Alvarez', 0, 'vabeal21', '1990-04-21', 'eOxSdWGpWX'),
(751, 'Sara Sofía', 'Pelayo', 'González', 1, 'sapego02', '1989-11-02', 'wYGFAKCuCn'),
(752, 'Franco', 'Gómez', 'Rodríguez', 0, 'frgoro28', '1994-06-28', 'ybNdRmYmNm'),
(753, 'Martina', 'González', 'Palomino', 1, 'magopa11', '1975-01-11', 'aEgozREqtH'),
(754, 'Alonso', 'Pelayo', 'Belmonte', 0, 'alpebe30', '1992-04-30', 'mQsWjDaAin'),
(755, 'Malena', 'García', 'Martínez', 1, 'magama27', '1973-10-27', 'cvEHIXHUCM'),
(756, 'Sebastián', 'Pelayo', 'Pérez', 0, 'sepepe21', '1994-10-21', 'qrfKCyBWtY'),
(757, 'Montserrat', 'González', 'Gutierrez', 1, 'mogogu18', '1990-01-18', 'biVjTrnlsH'),
(758, 'Alonso', 'Giménez', 'Hernández', 0, 'algihe06', '1994-05-06', 'tNsjrTRhWM'),
(759, 'Allison', 'Alvarez', 'López', 1, 'alallo12', '1989-01-12', 'rLJNoThGsq'),
(760, 'Valery', 'Palomino', 'Giménez', 1, 'vapagi04', '1994-08-04', 'gmUdgZMcBS'),
(761, 'Alessandra', 'González', 'Sancho', 1, 'algosa09', '1971-09-09', 'kuEkIPVtRz'),
(762, 'Martina', 'Palomino', 'Casanova', 1, 'mapaca01', '1987-03-01', 'SPwFgHBRxB'),
(763, 'Andrés', 'Domínguez', 'Belmonte', 0, 'andobe06', '1980-08-06', 'FLdrWcfiuh'),
(764, 'Francisco', 'Pelayo', 'Sanchís', 0, 'frpesa03', '1977-03-03', 'jPIwzkHYjv'),
(765, 'Ariadna', 'Giménez', 'Palomino', 1, 'argipa22', '1986-07-22', 'QoQwrdyKjt'),
(766, 'Alexa', 'Palomino', 'Martínez', 1, 'alpama25', '1985-09-25', 'ZkzqmvTAjU'),
(767, 'Rafaela', 'Pérez', 'Rodríguez', 1, 'rapero30', '1973-05-30', 'bqupLXokNv'),
(768, 'Gael', 'Rodríguez', 'Pérez', 0, 'garope28', '1974-11-28', 'KTOwWaakxa'),
(769, 'Samantha', 'Bonet', 'Hernández', 1, 'sabohe09', '1993-03-09', 'VbVmwETiDk'),
(770, 'Anthony', 'Domínguez', 'López', 0, 'andolo31', '1982-07-31', 'xFaABgrFvw'),
(771, 'Micaela', 'García', 'Ruiz', 1, 'migaru13', '1974-10-13', 'sUROmZdJCN'),
(772, 'Pablo', 'Hernández', 'Pelayo', 0, 'pahepe02', '1984-05-02', 'UGCDYyEUBb'),
(773, 'Facundo', 'Fernández', 'Martínez', 0, 'fafema13', '1990-10-13', 'FpoPjZOJvq'),
(774, 'Ana Paula', 'González', 'Palomino', 1, 'angopa28', '1978-05-28', 'HLwvBaXzoY'),
(775, 'Felipe', 'Pérez', 'Belmonte', 0, 'fepebe19', '1991-02-19', 'EqbwZpdjwZ'),
(776, 'Luciana', 'López', 'Sancho', 1, 'lulosa03', '1992-02-03', 'JpVlKFDlOo'),
(777, 'Aitana', 'González', 'Pelayo', 1, 'aigope24', '1995-09-24', 'dEHcQfIXZq'),
(778, 'Emma', 'Alvarez', 'Pelayo', 1, 'emalpe04', '1987-05-04', 'VZhrAVrXTB'),
(779, 'Jesús', 'Hernández', 'Bonet', 0, 'jehebo13', '1984-03-13', 'gCmVkewcdb'),
(780, 'Rebeca', 'Giménez', 'Hernández', 1, 'regihe04', '1981-05-04', 'gJGLmrcLED'),
(781, 'Josué', 'Belmonte', 'Bonet', 0, 'jobebo13', '1974-05-13', 'SkqDHvBTAU'),
(782, 'Simón', 'Bonet', 'Sanchís', 0, 'sibosa02', '1970-05-02', 'RPAyjRsZCj'),
(783, 'Abril', 'López', 'Martínez', 1, 'abloma28', '1986-03-28', 'mMEXhXWaPv'),
(784, 'Iker', 'Palomino', 'Gutierrez', 0, 'ikpagu06', '1989-01-06', 'GMSWKmMykC'),
(785, 'Alexander', 'Gutierrez', 'Rodríguez', 0, 'alguro03', '1986-07-03', 'ejZNDdZVrT'),
(786, 'Alonso', 'Belmonte', 'López', 0, 'albelo07', '1977-03-07', 'pukfRRQztZ'),
(787, 'Elías', 'Martínez', 'González', 0, 'elmago17', '1976-10-17', 'PfBFNBRlgT'),
(788, 'Matthew', 'Sancho', 'Montoya', 0, 'masamo06', '1995-07-06', 'EepNmOAhwJ'),
(789, 'Manuela', 'Alvarez', 'Gutierrez', 1, 'maalgu18', '1975-04-18', 'SaPbGoZcHm'),
(790, 'Zoe', 'Bonet', 'Gutierrez', 1, 'zobogu14', '1978-09-14', 'FHNBhrRtSM'),
(791, 'Sara', 'Bonet', 'Belmonte', 1, 'sabobe12', '1974-06-12', 'ieikSruUEx'),
(792, 'Micaela', 'Martínez', 'Domínguez', 1, 'mimado29', '1991-03-29', 'XyVpGoAduB'),
(793, 'Juan Esteban', 'Rodríguez', 'Montoya', 0, 'juromo06', '1972-10-06', 'xkUnNhPKip'),
(794, 'Máximo', 'López', 'López', 0, 'malolo01', '1993-08-01', 'suuhsLuBHK'),
(795, 'Javier', 'Hernández', 'Belmonte', 0, 'jahebe01', '1989-02-01', 'KxYnBOkxpP'),
(796, 'Antonia', 'Sancho', 'Alvarez', 1, 'ansaal01', '1986-08-01', 'ngSYSkTach'),
(797, 'Miranda', 'Pelayo', 'García', 1, 'mipega12', '1977-09-12', 'XIhqOaKjFN'),
(798, 'Fernando', 'López', 'Pérez', 0, 'felope25', '1976-04-25', 'CwcyrgpmHu'),
(799, 'Felipe', 'Gutierrez', 'Alvarez', 0, 'fegual26', '1989-03-26', 'nGwsqrgjRY'),
(800, 'Alma', 'Casanova', 'Gómez', 1, 'alcago29', '1974-09-29', 'FmmfurccPN'),
(801, 'Constanza', 'González', 'Domínguez', 1, 'cogodo31', '1975-03-31', 'zYxPzmbkWq'),
(802, 'Pablo', 'González', 'Giménez', 0, 'pagogi29', '1976-10-29', 'jzGoJUwyfo'),
(803, 'Daniel', 'Gómez', 'Bonet', 0, 'dagobo02', '1973-11-02', 'lUVNtimxcq'),
(804, 'Abril', 'López', 'Montoya', 1, 'ablomo05', '1976-01-05', 'VldJrmLgSz'),
(805, 'Jerónimo', 'Palomino', 'Bonet', 0, 'jepabo24', '1975-10-24', 'XqoNUvRTqK'),
(806, 'Agustina', 'Sancho', 'Bonet', 1, 'agsabo28', '1975-03-28', 'mCAKXaDBdp'),
(807, 'Isaac', 'Gutierrez', 'Domínguez', 0, 'isgudo20', '1994-02-20', 'DXCcyBjmYZ'),
(808, 'Laura', 'Domínguez', 'Martínez', 1, 'ladoma17', '1982-11-17', 'qcWwoEtNLH'),
(809, 'Pedro', 'Gutierrez', 'Hernández', 0, 'peguhe30', '1989-09-30', 'uEDSQeOJfv'),
(810, 'Aitana', 'Sancho', 'Sanchís', 1, 'aisasa01', '1982-04-01', 'hivtYcrHPH'),
(811, 'Salomé', 'Casanova', 'Palomino', 1, 'sacapa01', '1972-01-01', 'EpqFgTAIFy'),
(812, 'Valery', 'López', 'González', 1, 'valogo05', '1982-08-05', 'PuZfePzqsI'),
(813, 'Diego Alejandro', 'Belmonte', 'Martínez', 0, 'dibema30', '1991-03-30', 'NQbowSWdrd'),
(814, 'Ariadna', 'Pelayo', 'Gómez', 1, 'arpego14', '1974-09-14', 'HqlzawIUDe'),
(815, 'Maite', 'Pelayo', 'Gómez', 1, 'mapego27', '1972-04-27', 'DRiZsJGriQ'),
(816, 'Bruno', 'Sanchís', 'Domínguez', 0, 'brsado01', '1978-08-01', 'UaEfnzoCDV'),
(817, 'Adrián', 'Sancho', 'Alvarez', 0, 'adsaal19', '1995-01-19', 'xcPlheEZpl'),
(818, 'Michelle', 'Sancho', 'Montoya', 1, 'misamo10', '1974-10-10', 'ceqelbAizK'),
(819, 'Julieta', 'Sancho', 'Fernández', 1, 'jusafe24', '1970-11-24', 'bAtpLYAZSO'),
(820, 'Damián', 'Domínguez', 'García', 0, 'dadoga16', '1982-04-16', 'KKirzrgHce'),
(821, 'Jazmín', 'Sanchís', 'Palomino', 1, 'jasapa14', '1982-06-14', 'jvygAPXYKU'),
(822, 'Elías', 'Casanova', 'Ruiz', 0, 'elcaru14', '1972-04-14', 'aVchacdoFh'),
(823, 'Diego Alejandro', 'Montoya', 'Domínguez', 0, 'dimodo19', '1973-05-19', 'ahPiTCkXgI'),
(824, 'Pedro', 'Giménez', 'García', 0, 'pegiga14', '1974-11-14', 'UFYsBJBFzn'),
(825, 'Matías', 'Gutierrez', 'Giménez', 0, 'magugi01', '1993-01-01', 'FFzrCtelNz'),
(826, 'Ivan', 'Martínez', 'Alvarez', 0, 'ivmaal16', '1978-09-16', 'FJuSAnjmcn'),
(827, 'Josefa', 'Palomino', 'Pelayo', 1, 'jopape01', '1987-09-01', 'ZdAcyTcHJm'),
(828, 'Samantha', 'Rodríguez', 'Sancho', 1, 'sarosa01', '1989-05-01', 'hhTMpyRaFU'),
(829, 'Isidora', 'Casanova', 'Sanchís', 1, 'iscasa11', '1989-07-11', 'nNQPVuxnZC'),
(830, 'Carolina', 'Montoya', 'Palomino', 1, 'camopa12', '1983-04-12', 'UwUNdFtLEn'),
(831, 'Juan Diego', 'Pérez', 'Alvarez', 0, 'jupeal29', '1989-05-29', 'NnraHRBnRl'),
(832, 'Zoe', 'Gómez', 'López', 1, 'zogolo10', '1995-07-10', 'whcOvhrkfk'),
(833, 'Gael', 'Belmonte', 'Hernández', 0, 'gabehe30', '1983-11-30', 'nuiUGhRAaV'),
(834, 'Laura', 'Pelayo', 'Palomino', 1, 'lapepa05', '1988-10-05', 'cSXgQeSCbm'),
(835, 'Matthew', 'Alvarez', 'García', 0, 'maalga09', '1991-12-09', 'TdEIGYblBO'),
(836, 'Juan Esteban', 'Pelayo', 'Casanova', 0, 'jupeca21', '1976-07-21', 'TMPvVKlTuA'),
(837, 'Alan', 'Rodríguez', 'Montoya', 0, 'alromo29', '1984-02-29', 'ygrsCzazLz'),
(838, 'Christian', 'Pérez', 'Pelayo', 0, 'chpepe16', '1992-05-16', 'ArecjZoAjt'),
(839, 'Natalia', 'Alvarez', 'González', 1, 'naalgo22', '1988-04-22', 'gCUWlDlTQN'),
(840, 'Máximo', 'Domínguez', 'Gutierrez', 0, 'madogu29', '1972-01-29', 'rvjytKaaDk'),
(841, 'Ashley', 'Fernández', 'Alvarez', 1, 'asfeal08', '1992-03-08', 'lljGymxaUG'),
(842, 'Amanda', 'Martínez', 'García', 1, 'ammaga01', '1982-05-01', 'gZLUNCGdEk'),
(843, 'Cristóbal', 'Sancho', 'García', 0, 'crsaga10', '1974-10-10', 'KsmJjxnedR'),
(844, 'Julieta', 'Bonet', 'Rodríguez', 1, 'juboro29', '1988-12-29', 'GQRfkAEpYs'),
(845, 'Lorenzo', 'Sancho', 'Montoya', 0, 'losamo30', '1982-11-30', 'BWJQYTdPUg'),
(846, 'Silvana', 'Gutierrez', 'Sanchís', 1, 'sigusa21', '1976-07-21', 'icYyKJCAPN'),
(847, 'Rafael', 'Casanova', 'Sancho', 0, 'racasa09', '1983-05-09', 'kjVjCzDTxs'),
(848, 'Isabella', 'Sancho', 'Domínguez', 1, 'issado13', '1995-01-13', 'zKECvBXQWf'),
(849, 'Mariangel', 'Sancho', 'Rodríguez', 1, 'masaro27', '1982-02-27', 'aNFzSWUpNI'),
(850, 'Antonia', 'Montoya', 'Montoya', 1, 'anmomo08', '1992-01-08', 'moYxRvbWCV'),
(851, 'Zoe', 'Casanova', 'González', 1, 'zocago09', '1984-11-09', 'rXMNUEGdpk'),
(852, 'María Paula', 'Gutierrez', 'González', 1, 'magugo25', '1983-09-25', 'fGljyEymkR'),
(853, 'Julia', 'Sancho', 'Casanova', 1, 'jusaca16', '1970-09-16', 'jwqUrFPSOb'),
(854, 'Isaac', 'López', 'Sancho', 0, 'islosa01', '1970-04-01', 'lSXGgnAJoo'),
(855, 'Sofía', 'Giménez', 'Hernández', 1, 'sogihe28', '1972-12-28', 'ImuQCSlbIp'),
(856, 'Ana Paula', 'Domínguez', 'Martínez', 1, 'andoma28', '1988-04-28', 'yVeNImPuGP'),
(857, 'Jorge', 'Pelayo', 'Montoya', 0, 'jopemo07', '1993-04-07', 'wSnXQdgWVL'),
(858, 'Alexa', 'Sanchís', 'López', 1, 'alsalo09', '1978-06-09', 'WjjsPrfKOw'),
(859, 'Alan', 'Gutierrez', 'Gómez', 0, 'algugo04', '1985-12-04', 'PLPtHXEnPg'),
(860, 'Gabriel', 'Martínez', 'Rodríguez', 0, 'gamaro26', '1978-12-26', 'liTaDyygrL'),
(861, 'Samantha', 'Martínez', 'Alvarez', 1, 'samaal29', '1993-07-29', 'vKrWxUtZfr'),
(862, 'Gabriel', 'Giménez', 'López', 0, 'gagilo29', '1984-09-29', 'afBQfsHeYV'),
(863, 'Ana Sofía', 'Montoya', 'Casanova', 1, 'anmoca04', '1971-12-04', 'LSDYiBooRT'),
(864, 'Mateo', 'Rodríguez', 'Sanchís', 0, 'marosa13', '1979-01-13', 'vhgyfaVJpY'),
(865, 'Jacobo', 'Fernández', 'Casanova', 0, 'jafeca20', '1992-05-20', 'mglFptVjpo'),
(866, 'Sergio', 'Domínguez', 'Gómez', 0, 'sedogo20', '1991-03-20', 'wlPHquBRSl'),
(867, 'Julieta', 'Sancho', 'Pérez', 1, 'jusape20', '1978-06-20', 'MrQNWjMioK'),
(868, 'Santiago', 'Palomino', 'Domínguez', 0, 'sapado13', '1977-06-13', 'FlZzynszwB'),
(869, 'Josefina', 'Hernández', 'González', 1, 'johego24', '1984-08-24', 'RUylkTzKqv'),
(870, 'Natalia', 'Casanova', 'Montoya', 1, 'nacamo02', '1974-11-02', 'lAQbNIzORK'),
(871, 'Pedro', 'Martínez', 'Ruiz', 0, 'pemaru28', '1970-05-28', 'oXIvwiEBUu'),
(872, 'Miguel', 'Giménez', 'García', 0, 'migiga13', '1989-05-13', 'flSORUcjUw'),
(873, 'Magdalena', 'Alvarez', 'Giménez', 1, 'maalgi24', '1976-06-24', 'nSwYmZaiBS'),
(874, 'Bruno', 'Pérez', 'González', 0, 'brpego14', '1985-04-14', 'NZlwRQlvTG'),
(875, 'Laura', 'López', 'Sanchís', 1, 'lalosa20', '1995-08-20', 'wrrXLPNdnx'),
(876, 'Ignacio', 'Hernández', 'Pelayo', 0, 'ighepe20', '1982-11-20', 'qLVSVMskes'),
(877, 'Luciana', 'Ruiz', 'Casanova', 1, 'luruca05', '1993-06-05', 'oKnqeVarlP'),
(878, 'Julián', 'Pérez', 'Martínez', 0, 'jupema27', '1975-09-27', 'wQeUivNpgO'),
(879, 'Lautaro', 'Sancho', 'Pelayo', 0, 'lasape16', '1973-10-16', 'wUWraJmFNr'),
(880, 'Guadalupe', 'Gómez', 'Fernández', 1, 'gugofe09', '1985-11-09', 'sPPemIoGTt'),
(881, 'Olivia', 'González', 'López', 1, 'olgolo17', '1982-06-17', 'HfzHLtugaC'),
(882, 'Bianca', 'Montoya', 'Rodríguez', 1, 'bimoro04', '1985-06-04', 'NtgFNVaeEE'),
(883, 'Máximo', 'Montoya', 'Sanchís', 0, 'mamosa17', '1986-06-17', 'MJKnzvGJmk'),
(884, 'Juana', 'Ruiz', 'Fernández', 1, 'jurufe24', '1981-12-24', 'RrkMsFMErV'),
(885, 'Juan Sebastián', 'García', 'Pérez', 0, 'jugape08', '1980-04-08', 'PgLVhaWWLt'),
(886, 'Santino', 'Sancho', 'Martínez', 0, 'sasama25', '1988-03-25', 'UMRohSMlYH'),
(887, 'Guadalupe', 'Palomino', 'Hernández', 1, 'gupahe22', '1995-05-22', 'iDetOjtDbU'),
(888, 'Emilio', 'Gómez', 'Pelayo', 0, 'emgope09', '1984-11-09', 'IBvGIEnRTc'),
(889, 'Juan Manuel', 'Gutierrez', 'Fernández', 0, 'jugufe25', '1978-04-25', 'qbVFAoXbxR'),
(890, 'Victoria', 'Pérez', 'López', 1, 'vipelo09', '1992-01-09', 'GidQPvOpMG'),
(891, 'Ian', 'Sanchís', 'Fernández', 0, 'iasafe07', '1976-04-07', 'ApeWAbVYPk'),
(892, 'Constanza', 'Montoya', 'Sanchís', 1, 'comosa02', '1974-06-02', 'rmZBlaFaRM'),
(893, 'Zoe', 'López', 'Domínguez', 1, 'zolodo20', '1978-02-20', 'KuUJfENBbM'),
(894, 'Violeta', 'Gómez', 'Bonet', 1, 'vigobo25', '1991-01-25', 'GbPKomSYuP'),
(895, 'Rebeca', 'Pérez', 'Domínguez', 1, 'repedo22', '1989-06-22', 'rMLSOQmfLI'),
(896, 'Diego', 'Domínguez', 'Gómez', 0, 'didogo26', '1992-03-26', 'ZvjzlKEXwH'),
(897, 'Valentino', 'García', 'Sanchís', 0, 'vagasa23', '1989-06-23', 'TBuQRjrrGG'),
(898, 'Juan Diego', 'Hernández', 'Casanova', 0, 'juheca12', '1991-02-12', 'zKgLKPBLNW'),
(899, 'Sara', 'Casanova', 'González', 1, 'sacago17', '1987-05-17', 'hgCdxPEspv'),
(900, 'Vicente', 'Fernández', 'Palomino', 0, 'vifepa28', '1973-03-28', 'hnGStwZKoM'),
(901, 'Mario', 'Belmonte', 'Sancho', 0, 'mabesa08', '1978-08-08', 'coeEGpOCVX'),
(902, 'Abril', 'Giménez', 'González', 1, 'abgigo20', '1970-08-20', 'JVyshQIXHE'),
(903, 'Camilo', 'López', 'Casanova', 0, 'caloca18', '1983-08-18', 'RBouxfxuHJ'),
(904, 'Alma', 'Casanova', 'Domínguez', 1, 'alcado03', '1975-05-03', 'ZGMSViDLdz'),
(905, 'Martín', 'Bonet', 'Hernández', 0, 'mabohe17', '1973-06-17', 'xeAeoQXdkF'),
(906, 'Isabella', 'Pelayo', 'Domínguez', 1, 'ispedo02', '1987-09-02', 'xZdBfkecCX'),
(907, 'Gael', 'Gutierrez', 'Palomino', 0, 'gagupa10', '1984-01-10', 'wjFKeNQZzm'),
(908, 'Luana', 'González', 'Pelayo', 1, 'lugope31', '1988-05-31', 'zixwMIiJdX'),
(909, 'Irene', 'Casanova', 'Bonet', 1, 'ircabo29', '1976-01-29', 'kzUpdsVyot'),
(910, 'Valeria', 'Martínez', 'Pérez', 1, 'vamape10', '1995-11-10', 'KLKfXnUREj'),
(911, 'Sergio', 'González', 'Rodríguez', 0, 'segoro23', '1987-04-23', 'fkZFayEbDF'),
(912, 'Antonella', 'Rodríguez', 'Fernández', 1, 'anrofe26', '1979-03-26', 'lxypVXdrEs'),
(913, 'Juan Martín', 'Sancho', 'García', 0, 'jusaga21', '1981-09-21', 'hSGffXzhdH'),
(914, 'Pablo', 'Hernández', 'Hernández', 0, 'pahehe07', '1979-02-07', 'JVEJHoLVGb'),
(915, 'Lorenzo', 'Belmonte', 'Domínguez', 0, 'lobedo28', '1983-07-28', 'FbRqxglxIl'),
(916, 'Juan Pablo', 'García', 'Giménez', 0, 'jugagi19', '1992-09-19', 'DlajtfljqC'),
(917, 'Fernando', 'Ruiz', 'Martínez', 0, 'feruma07', '1971-05-07', 'RzUUmXJNeW'),
(918, 'Carlos', 'Montoya', 'Gutierrez', 0, 'camogu10', '1981-05-10', 'NMHaipSoAc'),
(919, 'Alma', 'Pérez', 'Belmonte', 1, 'alpebe17', '1974-08-17', 'QprjfZRpdm'),
(920, 'Martín', 'Rodríguez', 'Fernández', 0, 'marofe28', '1991-02-28', 'YvfEhPShIg'),
(921, 'Regina', 'Sancho', 'Gutierrez', 1, 'resagu17', '1977-10-17', 'ydWSKErVMN'),
(922, 'Alex', 'González', 'Sanchís', 0, 'algosa29', '1986-01-29', 'UNRWuxkeBp'),
(923, 'Antonia', 'Belmonte', 'Martínez', 1, 'anbema30', '1985-11-30', 'NyVtfEjFRr'),
(924, 'Valeria', 'Fernández', 'Belmonte', 1, 'vafebe15', '1971-10-15', 'FfnxDrUbWh'),
(925, 'Luis', 'Alvarez', 'Gómez', 0, 'lualgo14', '1977-04-14', 'YwqVCTugrx'),
(926, 'Juan Esteban', 'Sanchís', 'García', 0, 'jusaga30', '1982-10-30', 'syUQHxfEdu'),
(927, 'Clara', 'López', 'Palomino', 1, 'cllopa09', '1976-06-09', 'PRwhRtlHom'),
(928, 'Gabriela', 'García', 'Fernández', 1, 'gagafe03', '1975-04-03', 'UNNBjrTWCK'),
(929, 'Olivia', 'Casanova', 'Belmonte', 1, 'olcabe26', '1980-08-26', 'eGVkugEacc'),
(930, 'Camila', 'Gómez', 'Hernández', 1, 'cagohe08', '1977-07-08', 'ZXlBCydasa'),
(931, 'Thiago', 'Casanova', 'Montoya', 0, 'thcamo13', '1975-03-13', 'quKqJYGLrj'),
(932, 'Nicolás', 'Sancho', 'Hernández', 0, 'nisahe29', '1972-06-29', 'BUoFxUDBel'),
(933, 'Emily', 'Gutierrez', 'Sanchís', 1, 'emgusa14', '1981-11-14', 'yuaxuGHSys'),
(934, 'Lautaro', 'López', 'Fernández', 0, 'lalofe01', '1988-10-01', 'OQYURqoXBc'),
(935, 'Juan Diego', 'Pelayo', 'Casanova', 0, 'jupeca25', '1994-08-25', 'sWauPpOzge'),
(936, 'Abril', 'López', 'Bonet', 1, 'ablobo04', '1990-07-04', 'rljppAepnj'),
(937, 'Catalina', 'Domínguez', 'Giménez', 1, 'cadogi04', '1976-05-04', 'UUWHqgarjb'),
(938, 'Catalina', 'Giménez', 'Sancho', 1, 'cagisa24', '1990-11-24', 'ahyLmcfxJU'),
(939, 'Adrián', 'García', 'Martínez', 0, 'adgama17', '1988-09-17', 'ZcPMJhPRzK'),
(940, 'Juan José', 'Rodríguez', 'Gutierrez', 0, 'jurogu05', '1991-07-05', 'GufTArLyUZ'),
(941, 'Maite', 'Gómez', 'González', 1, 'magogo10', '1990-06-10', 'ETRLNybFWH'),
(942, 'Malena', 'García', 'Ruiz', 1, 'magaru28', '1982-03-28', 'GWRssNmLqD'),
(943, 'Jimena', 'Fernández', 'Pérez', 1, 'jifepe05', '1990-10-05', 'EAwzJRdiIu'),
(944, 'Isabella', 'Palomino', 'Bonet', 1, 'ispabo27', '1993-12-27', 'BUkIOppmPg'),
(945, 'Valentina', 'Martínez', 'Domínguez', 1, 'vamado07', '1972-11-07', 'pXhCMYBzPh'),
(946, 'Thiago', 'Pelayo', 'Gómez', 0, 'thpego11', '1973-10-11', 'owSEMTeAKU'),
(947, 'Lola', 'Alvarez', 'González', 1, 'loalgo21', '1972-02-21', 'MshIDhEuOa'),
(948, 'Agustín', 'Giménez', 'Domínguez', 0, 'aggido03', '1990-03-03', 'DNNtMAruus'),
(949, 'Miguel Ángel', 'Palomino', 'Belmonte', 0, 'mipabe02', '1984-03-02', 'XBcOfXflZY'),
(950, 'Joaquín', 'Montoya', 'Hernández', 0, 'jomohe22', '1974-03-22', 'EaYuNFzcKB'),
(951, 'Manuel', 'Fernández', 'Giménez', 0, 'mafegi18', '1981-09-18', 'jwYJPqckOp'),
(952, 'Luna', 'Ruiz', 'Ruiz', 1, 'lururu29', '1993-04-29', 'rxvVDCxkIq'),
(953, 'Ivanna', 'González', 'González', 1, 'ivgogo29', '1988-03-29', 'KNFrDbJjEH'),
(954, 'Jimena', 'Sanchís', 'González', 1, 'jisago25', '1990-07-25', 'VSPTRVTQAe'),
(955, 'Agustín', 'Gómez', 'Hernández', 0, 'aggohe06', '1972-12-06', 'mJaqZBOfZx'),
(956, 'María', 'Gómez', 'Domínguez', 1, 'magodo22', '1991-07-22', 'DrJvKfSeDj'),
(957, 'Santiago', 'Bonet', 'Domínguez', 0, 'sabodo01', '1995-11-01', 'IgcvxEKcUg'),
(958, 'María', 'Rodríguez', 'Belmonte', 1, 'marobe07', '1994-11-07', 'DsxYyCNIPe'),
(959, 'Benjamín', 'Gómez', 'Ruiz', 0, 'begoru29', '1993-11-29', 'uNxgdmeOel'),
(960, 'Magdalena', 'Ruiz', 'Gutierrez', 1, 'marugu24', '1987-05-24', 'cGmDZoZfOF'),
(961, 'Ivan', 'Giménez', 'Sancho', 0, 'ivgisa05', '1985-01-05', 'nYGlbZGjTC'),
(962, 'Luana', 'Rodríguez', 'Rodríguez', 1, 'luroro25', '1974-07-25', 'viFxAPCYPX'),
(963, 'Juana', 'Fernández', 'Pelayo', 1, 'jufepe12', '1972-01-12', 'rHjbxfQfOb'),
(964, 'Sergio', 'López', 'Sanchís', 0, 'selosa04', '1979-11-04', 'aKrfdzkwZQ'),
(965, 'Juan Diego', 'Hernández', 'Casanova', 0, 'juheca25', '1972-10-25', 'NRBuLSmpeK'),
(966, 'Kevin', 'Palomino', 'Casanova', 0, 'kepaca26', '1990-02-26', 'VXsIlgTaQS'),
(967, 'Manuela', 'Pérez', 'Gómez', 1, 'mapego24', '1970-07-24', 'jpaCkIkBYT'),
(968, 'Sofía', 'López', 'Fernández', 1, 'solofe23', '1985-04-23', 'zVeMaYGNyb'),
(969, 'Camilo', 'Domínguez', 'Ruiz', 0, 'cadoru22', '1986-09-22', 'XGzXKseqIX'),
(970, 'Francisco', 'Pelayo', 'Sancho', 0, 'frpesa29', '1972-03-29', 'HUDFNFasIM'),
(971, 'Esteban', 'Montoya', 'Sanchís', 0, 'esmosa17', '1971-10-17', 'avvoaLMnxZ'),
(972, 'Laura', 'Casanova', 'Gutierrez', 1, 'lacagu23', '1992-11-23', 'cXXhqLdwpS'),
(973, 'Miguel Ángel', 'García', 'Pérez', 0, 'migape05', '1975-05-05', 'MHCZxrGJTX'),
(974, 'Sophie', 'Palomino', 'Fernández', 1, 'sopafe05', '1985-12-05', 'cWwLukYECX'),
(975, 'Ana', 'Ruiz', 'Sanchís', 1, 'anrusa21', '1986-03-21', 'LtiUiCICiy'),
(976, 'Ana Paula', 'Alvarez', 'Belmonte', 1, 'analbe22', '1979-08-22', 'xySxsokHMm'),
(977, 'Josefa', 'González', 'Palomino', 1, 'jogopa21', '1971-11-21', 'RsoXMwPMOG'),
(978, 'Lola', 'Martínez', 'Ruiz', 1, 'lomaru10', '1985-10-10', 'XDkXTRKZPm'),
(979, 'Zoe', 'Gutierrez', 'Sancho', 1, 'zogusa08', '1989-03-08', 'pchouAmUaI'),
(980, 'Emiliano', 'Belmonte', 'Palomino', 0, 'embepa07', '1980-02-07', 'LtNRLQCwoj'),
(981, 'Elías', 'Domínguez', 'Alvarez', 0, 'eldoal21', '1979-12-21', 'EhlGCkgAod'),
(982, 'Isaac', 'Fernández', 'Gutierrez', 0, 'isfegu29', '1986-11-29', 'iCeEVyQChq'),
(983, 'Sara Sofía', 'Ruiz', 'Rodríguez', 1, 'saruro10', '1971-08-10', 'gWkwNLKBlo'),
(984, 'Magdalena', 'Bonet', 'Pérez', 1, 'mabope13', '1977-11-13', 'mtIvpaXHUg'),
(985, 'Emilia', 'Palomino', 'López', 1, 'empalo28', '1985-01-28', 'ELXItjgGvN'),
(986, 'Juliana', 'García', 'Alvarez', 1, 'jugaal23', '1973-10-23', 'LkMsJIFSOL'),
(987, 'Luciano', 'Montoya', 'Martínez', 0, 'lumoma14', '1977-03-14', 'RirvojgCqE'),
(988, 'Bruno', 'Sancho', 'Pelayo', 0, 'brsape18', '1980-06-18', 'gkmywsSKXh'),
(989, 'María Camila', 'Bonet', 'Martínez', 1, 'maboma17', '1976-05-17', 'QzoUAUEKcB'),
(990, 'Guadalupe', 'Palomino', 'González', 1, 'gupago07', '1977-03-07', 'vrxsnvwzaq'),
(991, 'Fátima', 'Casanova', 'Hernández', 1, 'facahe06', '1985-09-06', 'rNIZIMIvBk'),
(992, 'Salomé', 'Hernández', 'Sanchís', 1, 'sahesa12', '1990-02-12', 'FcPUtkWrpJ'),
(993, 'Alexa', 'Martínez', 'Rodríguez', 1, 'almaro16', '1989-04-16', 'lNTfINRQMa'),
(994, 'Agustina', 'Pelayo', 'Martínez', 1, 'agpema06', '1989-07-06', 'UhciqtAmKf'),
(995, 'María Alejandra', 'Ruiz', 'Gómez', 1, 'marugo27', '1987-07-27', 'mTRsRJbkPT'),
(996, 'Dante', 'Alvarez', 'Pérez', 0, 'daalpe15', '1970-12-15', 'TLOTflBibj'),
(997, 'Axel', 'Rodríguez', 'González', 0, 'axrogo24', '1991-04-24', 'XGnLIfZrcO'),
(998, 'Nicolás', 'Pelayo', 'Domínguez', 0, 'nipedo17', '1993-10-17', 'dwPNIraHiC'),
(999, 'Renata', 'Hernández', 'Montoya', 1, 'rehemo04', '1976-12-04', 'vhmDAjkcuW');

--
-- Índices para tablas volcadas
--

--
-- Indices de la tabla `compra`
--
ALTER TABLE `compra`
  ADD PRIMARY KEY (`id`);

--
-- Indices de la tabla `producto`
--
ALTER TABLE `producto`
  ADD PRIMARY KEY (`id`);

--
-- Indices de la tabla `tipoproducto`
--
ALTER TABLE `tipoproducto`
  ADD PRIMARY KEY (`id`);

--
-- Indices de la tabla `usuario`
--
ALTER TABLE `usuario`
  ADD PRIMARY KEY (`id`);

--
-- AUTO_INCREMENT de las tablas volcadas
--

--
-- AUTO_INCREMENT de la tabla `compra`
--
ALTER TABLE `compra`
  MODIFY `id` int(11) NOT NULL AUTO_INCREMENT,AUTO_INCREMENT=102;
--
-- AUTO_INCREMENT de la tabla `producto`
--
ALTER TABLE `producto`
  MODIFY `id` int(11) NOT NULL AUTO_INCREMENT,AUTO_INCREMENT=1611;
--
-- AUTO_INCREMENT de la tabla `tipoproducto`
--
ALTER TABLE `tipoproducto`
  MODIFY `id` int(11) NOT NULL AUTO_INCREMENT,AUTO_INCREMENT=5;
--
-- AUTO_INCREMENT de la tabla `usuario`
--
ALTER TABLE `usuario`
  MODIFY `id` int(11) NOT NULL AUTO_INCREMENT,AUTO_INCREMENT=1000;
/*!40101 SET CHARACTER_SET_CLIENT=@OLD_CHARACTER_SET_CLIENT */;
/*!40101 SET CHARACTER_SET_RESULTS=@OLD_CHARACTER_SET_RESULTS */;
/*!40101 SET COLLATION_CONNECTION=@OLD_COLLATION_CONNECTION */;
